Time Stamp,Time Zone,Fuel Category,Gen MW,,,,,
7/27/2018 0:05,EDT,Dual Fuel,3666,,,My analysis to check my program:,,
7/27/2018 0:05,EDT,Natural Gas,3425,,,,,
7/27/2018 0:05,EDT,Nuclear,5262,,,Total,5680401,100.00
7/27/2018 0:05,EDT,Other Fossil Fuels,0,,,Dual Fuel,1754850,30.89
7/27/2018 0:05,EDT,Other Renewables,274,,,Natural Gas,1186495,20.89
7/27/2018 0:05,EDT,Wind,517,,,Nuclear,1574312,27.71
7/27/2018 0:05,EDT,Hydro,2586,,,Other Fossil Fuels,19159,0.34
7/27/2018 0:10,EDT,Dual Fuel,3704,,,Other Renewables,84993,1.50
7/27/2018 0:10,EDT,Natural Gas,3420,,,Wind,101258,1.78
7/27/2018 0:10,EDT,Nuclear,5261,,,Hydro,959334,16.89
7/27/2018 0:10,EDT,Other Fossil Fuels,0,,,,,
7/27/2018 0:10,EDT,Other Renewables,277,,,,,
7/27/2018 0:10,EDT,Wind,490,,,,,
7/27/2018 0:10,EDT,Hydro,2571,,,,,
7/27/2018 0:15,EDT,Dual Fuel,3674,,,,,
7/27/2018 0:15,EDT,Natural Gas,3419,,,,,
7/27/2018 0:15,EDT,Nuclear,5261,,,,,
7/27/2018 0:15,EDT,Other Fossil Fuels,0,,,,,
7/27/2018 0:15,EDT,Other Renewables,279,,,,,
7/27/2018 0:15,EDT,Wind,458,,,,,
7/27/2018 0:15,EDT,Hydro,2557,,,,,
7/27/2018 0:20,EDT,Dual Fuel,3735,,,,,
7/27/2018 0:20,EDT,Natural Gas,3378,,,,,
7/27/2018 0:20,EDT,Nuclear,5260,,,,,
7/27/2018 0:20,EDT,Other Fossil Fuels,0,,,,,
7/27/2018 0:20,EDT,Other Renewables,278,,,,,
7/27/2018 0:20,EDT,Wind,432,,,,,
7/27/2018 0:20,EDT,Hydro,2589,,,,,
7/27/2018 0:25,EDT,Dual Fuel,3726,,,,,
7/27/2018 0:25,EDT,Natural Gas,3347,,,,,
7/27/2018 0:25,EDT,Nuclear,5262,,,,,
7/27/2018 0:25,EDT,Other Fossil Fuels,0,,,,,
7/27/2018 0:25,EDT,Other Renewables,277,,,,,
7/27/2018 0:25,EDT,Wind,438,,,,,
7/27/2018 0:25,EDT,Hydro,2547,,,,,
7/27/2018 0:30,EDT,Dual Fuel,3684,,,,,
7/27/2018 0:30,EDT,Natural Gas,3305,,,,,
7/27/2018 0:30,EDT,Nuclear,5262,,,,,
7/27/2018 0:30,EDT,Other Fossil Fuels,0,,,,,
7/27/2018 0:30,EDT,Other Renewables,281,,,,,
7/27/2018 0:30,EDT,Wind,442,,,,,
7/27/2018 0:30,EDT,Hydro,2461,,,,,
7/27/2018 0:35,EDT,Dual Fuel,3634,,,,,
7/27/2018 0:35,EDT,Natural Gas,3309,,,,,
7/27/2018 0:35,EDT,Nuclear,5263,,,,,
7/27/2018 0:35,EDT,Other Fossil Fuels,0,,,,,
7/27/2018 0:35,EDT,Other Renewables,281,,,,,
7/27/2018 0:35,EDT,Wind,440,,,,,
7/27/2018 0:35,EDT,Hydro,2374,,,,,
7/27/2018 0:40,EDT,Dual Fuel,3539,,,,,
7/27/2018 0:40,EDT,Natural Gas,3290,,,,,
7/27/2018 0:40,EDT,Nuclear,5262,,,,,
7/27/2018 0:40,EDT,Other Fossil Fuels,0,,,,,
7/27/2018 0:40,EDT,Other Renewables,283,,,,,
7/27/2018 0:40,EDT,Wind,440,,,,,
7/27/2018 0:40,EDT,Hydro,2350,,,,,
7/27/2018 0:45,EDT,Dual Fuel,3463,,,,,
7/27/2018 0:45,EDT,Natural Gas,3240,,,,,
7/27/2018 0:45,EDT,Nuclear,5265,,,,,
7/27/2018 0:45,EDT,Other Fossil Fuels,0,,,,,
7/27/2018 0:45,EDT,Other Renewables,282,,,,,
7/27/2018 0:45,EDT,Wind,440,,,,,
7/27/2018 0:45,EDT,Hydro,2336,,,,,
7/27/2018 0:50,EDT,Dual Fuel,3386,,,,,
7/27/2018 0:50,EDT,Natural Gas,3188,,,,,
7/27/2018 0:50,EDT,Nuclear,5266,,,,,
7/27/2018 0:50,EDT,Other Fossil Fuels,0,,,,,
7/27/2018 0:50,EDT,Other Renewables,281,,,,,
7/27/2018 0:50,EDT,Wind,432,,,,,
7/27/2018 0:50,EDT,Hydro,2343,,,,,
7/27/2018 0:55,EDT,Dual Fuel,3345,,,,,
7/27/2018 0:55,EDT,Natural Gas,3151,,,,,
7/27/2018 0:55,EDT,Nuclear,5263,,,,,
7/27/2018 0:55,EDT,Other Fossil Fuels,0,,,,,
7/27/2018 0:55,EDT,Other Renewables,277,,,,,
7/27/2018 0:55,EDT,Wind,433,,,,,
7/27/2018 0:55,EDT,Hydro,2361,,,,,
7/27/2018 1:00,EDT,Dual Fuel,3364,,,,,
7/27/2018 1:00,EDT,Natural Gas,3093,,,,,
7/27/2018 1:00,EDT,Nuclear,5260,,,,,
7/27/2018 1:00,EDT,Other Fossil Fuels,0,,,,,
7/27/2018 1:00,EDT,Other Renewables,277,,,,,
7/27/2018 1:00,EDT,Wind,480,,,,,
7/27/2018 1:00,EDT,Hydro,2374,,,,,
7/27/2018 1:05,EDT,Dual Fuel,3303,,,,,
7/27/2018 1:05,EDT,Natural Gas,3081,,,,,
7/27/2018 1:05,EDT,Nuclear,5260,,,,,
7/27/2018 1:05,EDT,Other Fossil Fuels,0,,,,,
7/27/2018 1:05,EDT,Other Renewables,280,,,,,
7/27/2018 1:05,EDT,Wind,549,,,,,
7/27/2018 1:05,EDT,Hydro,2400,,,,,
7/27/2018 1:10,EDT,Dual Fuel,3243,,,,,
7/27/2018 1:10,EDT,Natural Gas,3086,,,,,
7/27/2018 1:10,EDT,Nuclear,5262,,,,,
7/27/2018 1:10,EDT,Other Fossil Fuels,0,,,,,
7/27/2018 1:10,EDT,Other Renewables,281,,,,,
7/27/2018 1:10,EDT,Wind,581,,,,,
7/27/2018 1:10,EDT,Hydro,2424,,,,,
7/27/2018 1:15,EDT,Dual Fuel,3204,,,,,
7/27/2018 1:15,EDT,Natural Gas,3077,,,,,
7/27/2018 1:15,EDT,Nuclear,5262,,,,,
7/27/2018 1:15,EDT,Other Fossil Fuels,0,,,,,
7/27/2018 1:15,EDT,Other Renewables,280,,,,,
7/27/2018 1:15,EDT,Wind,622,,,,,
7/27/2018 1:15,EDT,Hydro,2405,,,,,
7/27/2018 1:20,EDT,Dual Fuel,3139,,,,,
7/27/2018 1:20,EDT,Natural Gas,3015,,,,,
7/27/2018 1:20,EDT,Nuclear,5265,,,,,
7/27/2018 1:20,EDT,Other Fossil Fuels,0,,,,,
7/27/2018 1:20,EDT,Other Renewables,280,,,,,
7/27/2018 1:20,EDT,Wind,555,,,,,
7/27/2018 1:20,EDT,Hydro,2371,,,,,
7/27/2018 1:25,EDT,Dual Fuel,3107,,,,,
7/27/2018 1:25,EDT,Natural Gas,2946,,,,,
7/27/2018 1:25,EDT,Nuclear,5265,,,,,
7/27/2018 1:25,EDT,Other Fossil Fuels,0,,,,,
7/27/2018 1:25,EDT,Other Renewables,278,,,,,
7/27/2018 1:25,EDT,Wind,516,,,,,
7/27/2018 1:25,EDT,Hydro,2385,,,,,
7/27/2018 1:30,EDT,Dual Fuel,3099,,,,,
7/27/2018 1:30,EDT,Natural Gas,2925,,,,,
7/27/2018 1:30,EDT,Nuclear,5267,,,,,
7/27/2018 1:30,EDT,Other Fossil Fuels,0,,,,,
7/27/2018 1:30,EDT,Other Renewables,280,,,,,
7/27/2018 1:30,EDT,Wind,539,,,,,
7/27/2018 1:30,EDT,Hydro,2430,,,,,
7/27/2018 1:35,EDT,Dual Fuel,3089,,,,,
7/27/2018 1:35,EDT,Natural Gas,2948,,,,,
7/27/2018 1:35,EDT,Nuclear,5266,,,,,
7/27/2018 1:35,EDT,Other Fossil Fuels,0,,,,,
7/27/2018 1:35,EDT,Other Renewables,279,,,,,
7/27/2018 1:35,EDT,Wind,583,,,,,
7/27/2018 1:35,EDT,Hydro,2344,,,,,
7/27/2018 1:40,EDT,Dual Fuel,3079,,,,,
7/27/2018 1:40,EDT,Natural Gas,2907,,,,,
7/27/2018 1:40,EDT,Nuclear,5265,,,,,
7/27/2018 1:40,EDT,Other Fossil Fuels,0,,,,,
7/27/2018 1:40,EDT,Other Renewables,282,,,,,
7/27/2018 1:40,EDT,Wind,625,,,,,
7/27/2018 1:40,EDT,Hydro,2352,,,,,
7/27/2018 1:45,EDT,Dual Fuel,3025,,,,,
7/27/2018 1:45,EDT,Natural Gas,2851,,,,,
7/27/2018 1:45,EDT,Nuclear,5266,,,,,
7/27/2018 1:45,EDT,Other Fossil Fuels,0,,,,,
7/27/2018 1:45,EDT,Other Renewables,284,,,,,
7/27/2018 1:45,EDT,Wind,632,,,,,
7/27/2018 1:45,EDT,Hydro,2344,,,,,
7/27/2018 1:50,EDT,Dual Fuel,3008,,,,,
7/27/2018 1:50,EDT,Natural Gas,2825,,,,,
7/27/2018 1:50,EDT,Nuclear,5266,,,,,
7/27/2018 1:50,EDT,Other Fossil Fuels,0,,,,,
7/27/2018 1:50,EDT,Other Renewables,283,,,,,
7/27/2018 1:50,EDT,Wind,591,,,,,
7/27/2018 1:50,EDT,Hydro,2356,,,,,
7/27/2018 1:55,EDT,Dual Fuel,2995,,,,,
7/27/2018 1:55,EDT,Natural Gas,2777,,,,,
7/27/2018 1:55,EDT,Nuclear,5264,,,,,
7/27/2018 1:55,EDT,Other Fossil Fuels,0,,,,,
7/27/2018 1:55,EDT,Other Renewables,277,,,,,
7/27/2018 1:55,EDT,Wind,546,,,,,
7/27/2018 1:55,EDT,Hydro,2437,,,,,
7/27/2018 2:00,EDT,Dual Fuel,2937,,,,,
7/27/2018 2:00,EDT,Natural Gas,2756,,,,,
7/27/2018 2:00,EDT,Nuclear,5263,,,,,
7/27/2018 2:00,EDT,Other Fossil Fuels,0,,,,,
7/27/2018 2:00,EDT,Other Renewables,272,,,,,
7/27/2018 2:00,EDT,Wind,521,,,,,
7/27/2018 2:00,EDT,Hydro,2508,,,,,
7/27/2018 2:05,EDT,Dual Fuel,2952,,,,,
7/27/2018 2:05,EDT,Natural Gas,2806,,,,,
7/27/2018 2:05,EDT,Nuclear,5264,,,,,
7/27/2018 2:05,EDT,Other Fossil Fuels,0,,,,,
7/27/2018 2:05,EDT,Other Renewables,268,,,,,
7/27/2018 2:05,EDT,Wind,525,,,,,
7/27/2018 2:05,EDT,Hydro,2547,,,,,
7/27/2018 2:10,EDT,Dual Fuel,2955,,,,,
7/27/2018 2:10,EDT,Natural Gas,2833,,,,,
7/27/2018 2:10,EDT,Nuclear,5260,,,,,
7/27/2018 2:10,EDT,Other Fossil Fuels,0,,,,,
7/27/2018 2:10,EDT,Other Renewables,270,,,,,
7/27/2018 2:10,EDT,Wind,527,,,,,
7/27/2018 2:10,EDT,Hydro,2515,,,,,
7/27/2018 2:15,EDT,Dual Fuel,2954,,,,,
7/27/2018 2:15,EDT,Natural Gas,2823,,,,,
7/27/2018 2:15,EDT,Nuclear,5264,,,,,
7/27/2018 2:15,EDT,Other Fossil Fuels,0,,,,,
7/27/2018 2:15,EDT,Other Renewables,269,,,,,
7/27/2018 2:15,EDT,Wind,525,,,,,
7/27/2018 2:15,EDT,Hydro,2438,,,,,
7/27/2018 2:20,EDT,Dual Fuel,2941,,,,,
7/27/2018 2:20,EDT,Natural Gas,2834,,,,,
7/27/2018 2:20,EDT,Nuclear,5261,,,,,
7/27/2018 2:20,EDT,Other Fossil Fuels,0,,,,,
7/27/2018 2:20,EDT,Other Renewables,276,,,,,
7/27/2018 2:20,EDT,Wind,514,,,,,
7/27/2018 2:20,EDT,Hydro,2390,,,,,
7/27/2018 2:25,EDT,Dual Fuel,2936,,,,,
7/27/2018 2:25,EDT,Natural Gas,2840,,,,,
7/27/2018 2:25,EDT,Nuclear,5261,,,,,
7/27/2018 2:25,EDT,Other Fossil Fuels,0,,,,,
7/27/2018 2:25,EDT,Other Renewables,270,,,,,
7/27/2018 2:25,EDT,Wind,522,,,,,
7/27/2018 2:25,EDT,Hydro,2336,,,,,
7/27/2018 2:30,EDT,Dual Fuel,2925,,,,,
7/27/2018 2:30,EDT,Natural Gas,2809,,,,,
7/27/2018 2:30,EDT,Nuclear,5262,,,,,
7/27/2018 2:30,EDT,Other Fossil Fuels,0,,,,,
7/27/2018 2:30,EDT,Other Renewables,272,,,,,
7/27/2018 2:30,EDT,Wind,536,,,,,
7/27/2018 2:30,EDT,Hydro,2343,,,,,
7/27/2018 2:35,EDT,Dual Fuel,2913,,,,,
7/27/2018 2:35,EDT,Natural Gas,2755,,,,,
7/27/2018 2:35,EDT,Nuclear,5260,,,,,
7/27/2018 2:35,EDT,Other Fossil Fuels,0,,,,,
7/27/2018 2:35,EDT,Other Renewables,272,,,,,
7/27/2018 2:35,EDT,Wind,563,,,,,
7/27/2018 2:35,EDT,Hydro,2344,,,,,
7/27/2018 2:40,EDT,Dual Fuel,2902,,,,,
7/27/2018 2:40,EDT,Natural Gas,2691,,,,,
7/27/2018 2:40,EDT,Nuclear,5259,,,,,
7/27/2018 2:40,EDT,Other Fossil Fuels,0,,,,,
7/27/2018 2:40,EDT,Other Renewables,274,,,,,
7/27/2018 2:40,EDT,Wind,572,,,,,
7/27/2018 2:40,EDT,Hydro,2351,,,,,
7/27/2018 2:45,EDT,Dual Fuel,2891,,,,,
7/27/2018 2:45,EDT,Natural Gas,2654,,,,,
7/27/2018 2:45,EDT,Nuclear,5257,,,,,
7/27/2018 2:45,EDT,Other Fossil Fuels,0,,,,,
7/27/2018 2:45,EDT,Other Renewables,274,,,,,
7/27/2018 2:45,EDT,Wind,561,,,,,
7/27/2018 2:45,EDT,Hydro,2331,,,,,
7/27/2018 2:50,EDT,Dual Fuel,2878,,,,,
7/27/2018 2:50,EDT,Natural Gas,2639,,,,,
7/27/2018 2:50,EDT,Nuclear,5255,,,,,
7/27/2018 2:50,EDT,Other Fossil Fuels,0,,,,,
7/27/2018 2:50,EDT,Other Renewables,270,,,,,
7/27/2018 2:50,EDT,Wind,544,,,,,
7/27/2018 2:50,EDT,Hydro,2338,,,,,
7/27/2018 2:55,EDT,Dual Fuel,2872,,,,,
7/27/2018 2:55,EDT,Natural Gas,2641,,,,,
7/27/2018 2:55,EDT,Nuclear,5257,,,,,
7/27/2018 2:55,EDT,Other Fossil Fuels,0,,,,,
7/27/2018 2:55,EDT,Other Renewables,276,,,,,
7/27/2018 2:55,EDT,Wind,555,,,,,
7/27/2018 2:55,EDT,Hydro,2315,,,,,
7/27/2018 3:00,EDT,Dual Fuel,2869,,,,,
7/27/2018 3:00,EDT,Natural Gas,2639,,,,,
7/27/2018 3:00,EDT,Nuclear,5258,,,,,
7/27/2018 3:00,EDT,Other Fossil Fuels,0,,,,,
7/27/2018 3:00,EDT,Other Renewables,275,,,,,
7/27/2018 3:00,EDT,Wind,581,,,,,
7/27/2018 3:00,EDT,Hydro,2293,,,,,
7/27/2018 3:05,EDT,Dual Fuel,2869,,,,,
7/27/2018 3:05,EDT,Natural Gas,2644,,,,,
7/27/2018 3:05,EDT,Nuclear,5257,,,,,
7/27/2018 3:05,EDT,Other Fossil Fuels,0,,,,,
7/27/2018 3:05,EDT,Other Renewables,270,,,,,
7/27/2018 3:05,EDT,Wind,592,,,,,
7/27/2018 3:05,EDT,Hydro,2303,,,,,
7/27/2018 3:10,EDT,Dual Fuel,2869,,,,,
7/27/2018 3:10,EDT,Natural Gas,2641,,,,,
7/27/2018 3:10,EDT,Nuclear,5256,,,,,
7/27/2018 3:10,EDT,Other Fossil Fuels,0,,,,,
7/27/2018 3:10,EDT,Other Renewables,271,,,,,
7/27/2018 3:10,EDT,Wind,616,,,,,
7/27/2018 3:10,EDT,Hydro,2308,,,,,
7/27/2018 3:15,EDT,Dual Fuel,2867,,,,,
7/27/2018 3:15,EDT,Natural Gas,2636,,,,,
7/27/2018 3:15,EDT,Nuclear,5254,,,,,
7/27/2018 3:15,EDT,Other Fossil Fuels,0,,,,,
7/27/2018 3:15,EDT,Other Renewables,272,,,,,
7/27/2018 3:15,EDT,Wind,636,,,,,
7/27/2018 3:15,EDT,Hydro,2271,,,,,
7/27/2018 3:20,EDT,Dual Fuel,2867,,,,,
7/27/2018 3:20,EDT,Natural Gas,2636,,,,,
7/27/2018 3:20,EDT,Nuclear,5254,,,,,
7/27/2018 3:20,EDT,Other Fossil Fuels,0,,,,,
7/27/2018 3:20,EDT,Other Renewables,272,,,,,
7/27/2018 3:20,EDT,Wind,628,,,,,
7/27/2018 3:20,EDT,Hydro,2269,,,,,
7/27/2018 3:25,EDT,Dual Fuel,2868,,,,,
7/27/2018 3:25,EDT,Natural Gas,2637,,,,,
7/27/2018 3:25,EDT,Nuclear,5254,,,,,
7/27/2018 3:25,EDT,Other Fossil Fuels,0,,,,,
7/27/2018 3:25,EDT,Other Renewables,275,,,,,
7/27/2018 3:25,EDT,Wind,633,,,,,
7/27/2018 3:25,EDT,Hydro,2262,,,,,
7/27/2018 3:30,EDT,Dual Fuel,2867,,,,,
7/27/2018 3:30,EDT,Natural Gas,2636,,,,,
7/27/2018 3:30,EDT,Nuclear,5252,,,,,
7/27/2018 3:30,EDT,Other Fossil Fuels,0,,,,,
7/27/2018 3:30,EDT,Other Renewables,275,,,,,
7/27/2018 3:30,EDT,Wind,635,,,,,
7/27/2018 3:30,EDT,Hydro,2242,,,,,
7/27/2018 3:35,EDT,Dual Fuel,2870,,,,,
7/27/2018 3:35,EDT,Natural Gas,2637,,,,,
7/27/2018 3:35,EDT,Nuclear,5252,,,,,
7/27/2018 3:35,EDT,Other Fossil Fuels,0,,,,,
7/27/2018 3:35,EDT,Other Renewables,272,,,,,
7/27/2018 3:35,EDT,Wind,632,,,,,
7/27/2018 3:35,EDT,Hydro,2249,,,,,
7/27/2018 3:40,EDT,Dual Fuel,2865,,,,,
7/27/2018 3:40,EDT,Natural Gas,2637,,,,,
7/27/2018 3:40,EDT,Nuclear,5253,,,,,
7/27/2018 3:40,EDT,Other Fossil Fuels,0,,,,,
7/27/2018 3:40,EDT,Other Renewables,273,,,,,
7/27/2018 3:40,EDT,Wind,643,,,,,
7/27/2018 3:40,EDT,Hydro,2232,,,,,
7/27/2018 3:45,EDT,Dual Fuel,2869,,,,,
7/27/2018 3:45,EDT,Natural Gas,2633,,,,,
7/27/2018 3:45,EDT,Nuclear,5251,,,,,
7/27/2018 3:45,EDT,Other Fossil Fuels,0,,,,,
7/27/2018 3:45,EDT,Other Renewables,273,,,,,
7/27/2018 3:45,EDT,Wind,672,,,,,
7/27/2018 3:45,EDT,Hydro,2224,,,,,
7/27/2018 3:50,EDT,Dual Fuel,2867,,,,,
7/27/2018 3:50,EDT,Natural Gas,2630,,,,,
7/27/2018 3:50,EDT,Nuclear,5250,,,,,
7/27/2018 3:50,EDT,Other Fossil Fuels,0,,,,,
7/27/2018 3:50,EDT,Other Renewables,269,,,,,
7/27/2018 3:50,EDT,Wind,672,,,,,
7/27/2018 3:50,EDT,Hydro,2258,,,,,
7/27/2018 3:55,EDT,Dual Fuel,2869,,,,,
7/27/2018 3:55,EDT,Natural Gas,2668,,,,,
7/27/2018 3:55,EDT,Nuclear,5248,,,,,
7/27/2018 3:55,EDT,Other Fossil Fuels,0,,,,,
7/27/2018 3:55,EDT,Other Renewables,275,,,,,
7/27/2018 3:55,EDT,Wind,644,,,,,
7/27/2018 3:55,EDT,Hydro,2292,,,,,
7/27/2018 4:00,EDT,Dual Fuel,2868,,,,,
7/27/2018 4:00,EDT,Natural Gas,2679,,,,,
7/27/2018 4:00,EDT,Nuclear,5252,,,,,
7/27/2018 4:00,EDT,Other Fossil Fuels,0,,,,,
7/27/2018 4:00,EDT,Other Renewables,275,,,,,
7/27/2018 4:00,EDT,Wind,627,,,,,
7/27/2018 4:00,EDT,Hydro,2284,,,,,
7/27/2018 4:05,EDT,Dual Fuel,2871,,,,,
7/27/2018 4:05,EDT,Natural Gas,2692,,,,,
7/27/2018 4:05,EDT,Nuclear,5251,,,,,
7/27/2018 4:05,EDT,Other Fossil Fuels,0,,,,,
7/27/2018 4:05,EDT,Other Renewables,276,,,,,
7/27/2018 4:05,EDT,Wind,628,,,,,
7/27/2018 4:05,EDT,Hydro,2286,,,,,
7/27/2018 4:10,EDT,Dual Fuel,2871,,,,,
7/27/2018 4:10,EDT,Natural Gas,2687,,,,,
7/27/2018 4:10,EDT,Nuclear,5251,,,,,
7/27/2018 4:10,EDT,Other Fossil Fuels,0,,,,,
7/27/2018 4:10,EDT,Other Renewables,274,,,,,
7/27/2018 4:10,EDT,Wind,646,,,,,
7/27/2018 4:10,EDT,Hydro,2344,,,,,
7/27/2018 4:15,EDT,Dual Fuel,2870,,,,,
7/27/2018 4:15,EDT,Natural Gas,2680,,,,,
7/27/2018 4:15,EDT,Nuclear,5249,,,,,
7/27/2018 4:15,EDT,Other Fossil Fuels,0,,,,,
7/27/2018 4:15,EDT,Other Renewables,277,,,,,
7/27/2018 4:15,EDT,Wind,645,,,,,
7/27/2018 4:15,EDT,Hydro,2339,,,,,
7/27/2018 4:20,EDT,Dual Fuel,2874,,,,,
7/27/2018 4:20,EDT,Natural Gas,2686,,,,,
7/27/2018 4:20,EDT,Nuclear,5247,,,,,
7/27/2018 4:20,EDT,Other Fossil Fuels,0,,,,,
7/27/2018 4:20,EDT,Other Renewables,284,,,,,
7/27/2018 4:20,EDT,Wind,590,,,,,
7/27/2018 4:20,EDT,Hydro,2355,,,,,
7/27/2018 4:25,EDT,Dual Fuel,2876,,,,,
7/27/2018 4:25,EDT,Natural Gas,2695,,,,,
7/27/2018 4:25,EDT,Nuclear,5250,,,,,
7/27/2018 4:25,EDT,Other Fossil Fuels,0,,,,,
7/27/2018 4:25,EDT,Other Renewables,281,,,,,
7/27/2018 4:25,EDT,Wind,544,,,,,
7/27/2018 4:25,EDT,Hydro,2365,,,,,
7/27/2018 4:30,EDT,Dual Fuel,2875,,,,,
7/27/2018 4:30,EDT,Natural Gas,2714,,,,,
7/27/2018 4:30,EDT,Nuclear,5249,,,,,
7/27/2018 4:30,EDT,Other Fossil Fuels,0,,,,,
7/27/2018 4:30,EDT,Other Renewables,278,,,,,
7/27/2018 4:30,EDT,Wind,523,,,,,
7/27/2018 4:30,EDT,Hydro,2386,,,,,
7/27/2018 4:35,EDT,Dual Fuel,2865,,,,,
7/27/2018 4:35,EDT,Natural Gas,2712,,,,,
7/27/2018 4:35,EDT,Nuclear,5247,,,,,
7/27/2018 4:35,EDT,Other Fossil Fuels,0,,,,,
7/27/2018 4:35,EDT,Other Renewables,276,,,,,
7/27/2018 4:35,EDT,Wind,538,,,,,
7/27/2018 4:35,EDT,Hydro,2386,,,,,
7/27/2018 4:40,EDT,Dual Fuel,2870,,,,,
7/27/2018 4:40,EDT,Natural Gas,2725,,,,,
7/27/2018 4:40,EDT,Nuclear,5248,,,,,
7/27/2018 4:40,EDT,Other Fossil Fuels,0,,,,,
7/27/2018 4:40,EDT,Other Renewables,272,,,,,
7/27/2018 4:40,EDT,Wind,515,,,,,
7/27/2018 4:40,EDT,Hydro,2368,,,,,
7/27/2018 4:45,EDT,Dual Fuel,2873,,,,,
7/27/2018 4:45,EDT,Natural Gas,2741,,,,,
7/27/2018 4:45,EDT,Nuclear,5245,,,,,
7/27/2018 4:45,EDT,Other Fossil Fuels,0,,,,,
7/27/2018 4:45,EDT,Other Renewables,276,,,,,
7/27/2018 4:45,EDT,Wind,487,,,,,
7/27/2018 4:45,EDT,Hydro,2370,,,,,
7/27/2018 4:50,EDT,Dual Fuel,2873,,,,,
7/27/2018 4:50,EDT,Natural Gas,2732,,,,,
7/27/2018 4:50,EDT,Nuclear,5246,,,,,
7/27/2018 4:50,EDT,Other Fossil Fuels,0,,,,,
7/27/2018 4:50,EDT,Other Renewables,275,,,,,
7/27/2018 4:50,EDT,Wind,466,,,,,
7/27/2018 4:50,EDT,Hydro,2347,,,,,
7/27/2018 4:55,EDT,Dual Fuel,2888,,,,,
7/27/2018 4:55,EDT,Natural Gas,2727,,,,,
7/27/2018 4:55,EDT,Nuclear,5247,,,,,
7/27/2018 4:55,EDT,Other Fossil Fuels,0,,,,,
7/27/2018 4:55,EDT,Other Renewables,274,,,,,
7/27/2018 4:55,EDT,Wind,458,,,,,
7/27/2018 4:55,EDT,Hydro,2411,,,,,
7/27/2018 5:00,EDT,Dual Fuel,2881,,,,,
7/27/2018 5:00,EDT,Natural Gas,2740,,,,,
7/27/2018 5:00,EDT,Nuclear,5244,,,,,
7/27/2018 5:00,EDT,Other Fossil Fuels,0,,,,,
7/27/2018 5:00,EDT,Other Renewables,279,,,,,
7/27/2018 5:00,EDT,Wind,459,,,,,
7/27/2018 5:00,EDT,Hydro,2420,,,,,
7/27/2018 5:05,EDT,Dual Fuel,2905,,,,,
7/27/2018 5:05,EDT,Natural Gas,2734,,,,,
7/27/2018 5:05,EDT,Nuclear,5247,,,,,
7/27/2018 5:05,EDT,Other Fossil Fuels,0,,,,,
7/27/2018 5:05,EDT,Other Renewables,279,,,,,
7/27/2018 5:05,EDT,Wind,471,,,,,
7/27/2018 5:05,EDT,Hydro,2377,,,,,
7/27/2018 5:10,EDT,Dual Fuel,2907,,,,,
7/27/2018 5:10,EDT,Natural Gas,2745,,,,,
7/27/2018 5:10,EDT,Nuclear,5245,,,,,
7/27/2018 5:10,EDT,Other Fossil Fuels,0,,,,,
7/27/2018 5:10,EDT,Other Renewables,277,,,,,
7/27/2018 5:10,EDT,Wind,471,,,,,
7/27/2018 5:10,EDT,Hydro,2402,,,,,
7/27/2018 5:15,EDT,Dual Fuel,2900,,,,,
7/27/2018 5:15,EDT,Natural Gas,2754,,,,,
7/27/2018 5:15,EDT,Nuclear,5246,,,,,
7/27/2018 5:15,EDT,Other Fossil Fuels,0,,,,,
7/27/2018 5:15,EDT,Other Renewables,278,,,,,
7/27/2018 5:15,EDT,Wind,462,,,,,
7/27/2018 5:15,EDT,Hydro,2438,,,,,
7/27/2018 5:20,EDT,Dual Fuel,2901,,,,,
7/27/2018 5:20,EDT,Natural Gas,2745,,,,,
7/27/2018 5:20,EDT,Nuclear,5245,,,,,
7/27/2018 5:20,EDT,Other Fossil Fuels,0,,,,,
7/27/2018 5:20,EDT,Other Renewables,276,,,,,
7/27/2018 5:20,EDT,Wind,475,,,,,
7/27/2018 5:20,EDT,Hydro,2457,,,,,
7/27/2018 5:25,EDT,Dual Fuel,2907,,,,,
7/27/2018 5:25,EDT,Natural Gas,2748,,,,,
7/27/2018 5:25,EDT,Nuclear,5244,,,,,
7/27/2018 5:25,EDT,Other Fossil Fuels,0,,,,,
7/27/2018 5:25,EDT,Other Renewables,277,,,,,
7/27/2018 5:25,EDT,Wind,484,,,,,
7/27/2018 5:25,EDT,Hydro,2445,,,,,
7/27/2018 5:30,EDT,Dual Fuel,2922,,,,,
7/27/2018 5:30,EDT,Natural Gas,2740,,,,,
7/27/2018 5:30,EDT,Nuclear,5247,,,,,
7/27/2018 5:30,EDT,Other Fossil Fuels,0,,,,,
7/27/2018 5:30,EDT,Other Renewables,274,,,,,
7/27/2018 5:30,EDT,Wind,490,,,,,
7/27/2018 5:30,EDT,Hydro,2450,,,,,
7/27/2018 5:35,EDT,Dual Fuel,2943,,,,,
7/27/2018 5:35,EDT,Natural Gas,2748,,,,,
7/27/2018 5:35,EDT,Nuclear,5245,,,,,
7/27/2018 5:35,EDT,Other Fossil Fuels,0,,,,,
7/27/2018 5:35,EDT,Other Renewables,274,,,,,
7/27/2018 5:35,EDT,Wind,488,,,,,
7/27/2018 5:35,EDT,Hydro,2468,,,,,
7/27/2018 5:40,EDT,Dual Fuel,2960,,,,,
7/27/2018 5:40,EDT,Natural Gas,2776,,,,,
7/27/2018 5:40,EDT,Nuclear,5246,,,,,
7/27/2018 5:40,EDT,Other Fossil Fuels,0,,,,,
7/27/2018 5:40,EDT,Other Renewables,270,,,,,
7/27/2018 5:40,EDT,Wind,475,,,,,
7/27/2018 5:40,EDT,Hydro,2488,,,,,
7/27/2018 5:45,EDT,Dual Fuel,2980,,,,,
7/27/2018 5:45,EDT,Natural Gas,2792,,,,,
7/27/2018 5:45,EDT,Nuclear,5248,,,,,
7/27/2018 5:45,EDT,Other Fossil Fuels,0,,,,,
7/27/2018 5:45,EDT,Other Renewables,272,,,,,
7/27/2018 5:45,EDT,Wind,455,,,,,
7/27/2018 5:45,EDT,Hydro,2522,,,,,
7/27/2018 5:50,EDT,Dual Fuel,2998,,,,,
7/27/2018 5:50,EDT,Natural Gas,2818,,,,,
7/27/2018 5:50,EDT,Nuclear,5247,,,,,
7/27/2018 5:50,EDT,Other Fossil Fuels,0,,,,,
7/27/2018 5:50,EDT,Other Renewables,274,,,,,
7/27/2018 5:50,EDT,Wind,432,,,,,
7/27/2018 5:50,EDT,Hydro,2505,,,,,
7/27/2018 5:55,EDT,Dual Fuel,3023,,,,,
7/27/2018 5:55,EDT,Natural Gas,2878,,,,,
7/27/2018 5:55,EDT,Nuclear,5246,,,,,
7/27/2018 5:55,EDT,Other Fossil Fuels,0,,,,,
7/27/2018 5:55,EDT,Other Renewables,276,,,,,
7/27/2018 5:55,EDT,Wind,423,,,,,
7/27/2018 5:55,EDT,Hydro,2481,,,,,
7/27/2018 6:00,EDT,Dual Fuel,3034,,,,,
7/27/2018 6:00,EDT,Natural Gas,2955,,,,,
7/27/2018 6:00,EDT,Nuclear,5246,,,,,
7/27/2018 6:00,EDT,Other Fossil Fuels,0,,,,,
7/27/2018 6:00,EDT,Other Renewables,277,,,,,
7/27/2018 6:00,EDT,Wind,419,,,,,
7/27/2018 6:00,EDT,Hydro,2445,,,,,
7/27/2018 6:05,EDT,Dual Fuel,3097,,,,,
7/27/2018 6:05,EDT,Natural Gas,3081,,,,,
7/27/2018 6:05,EDT,Nuclear,5248,,,,,
7/27/2018 6:05,EDT,Other Fossil Fuels,0,,,,,
7/27/2018 6:05,EDT,Other Renewables,273,,,,,
7/27/2018 6:05,EDT,Wind,424,,,,,
7/27/2018 6:05,EDT,Hydro,2605,,,,,
7/27/2018 6:10,EDT,Dual Fuel,3219,,,,,
7/27/2018 6:10,EDT,Natural Gas,3156,,,,,
7/27/2018 6:10,EDT,Nuclear,5249,,,,,
7/27/2018 6:10,EDT,Other Fossil Fuels,0,,,,,
7/27/2018 6:10,EDT,Other Renewables,275,,,,,
7/27/2018 6:10,EDT,Wind,461,,,,,
7/27/2018 6:10,EDT,Hydro,2718,,,,,
7/27/2018 6:15,EDT,Dual Fuel,3183,,,,,
7/27/2018 6:15,EDT,Natural Gas,3185,,,,,
7/27/2018 6:15,EDT,Nuclear,5249,,,,,
7/27/2018 6:15,EDT,Other Fossil Fuels,0,,,,,
7/27/2018 6:15,EDT,Other Renewables,279,,,,,
7/27/2018 6:15,EDT,Wind,465,,,,,
7/27/2018 6:15,EDT,Hydro,2776,,,,,
7/27/2018 6:20,EDT,Dual Fuel,3181,,,,,
7/27/2018 6:20,EDT,Natural Gas,3229,,,,,
7/27/2018 6:20,EDT,Nuclear,5250,,,,,
7/27/2018 6:20,EDT,Other Fossil Fuels,0,,,,,
7/27/2018 6:20,EDT,Other Renewables,277,,,,,
7/27/2018 6:20,EDT,Wind,456,,,,,
7/27/2018 6:20,EDT,Hydro,2826,,,,,
7/27/2018 6:25,EDT,Dual Fuel,3243,,,,,
7/27/2018 6:25,EDT,Natural Gas,3257,,,,,
7/27/2018 6:25,EDT,Nuclear,5251,,,,,
7/27/2018 6:25,EDT,Other Fossil Fuels,0,,,,,
7/27/2018 6:25,EDT,Other Renewables,275,,,,,
7/27/2018 6:25,EDT,Wind,440,,,,,
7/27/2018 6:25,EDT,Hydro,2820,,,,,
7/27/2018 6:30,EDT,Dual Fuel,3286,,,,,
7/27/2018 6:30,EDT,Natural Gas,3314,,,,,
7/27/2018 6:30,EDT,Nuclear,5253,,,,,
7/27/2018 6:30,EDT,Other Fossil Fuels,0,,,,,
7/27/2018 6:30,EDT,Other Renewables,275,,,,,
7/27/2018 6:30,EDT,Wind,426,,,,,
7/27/2018 6:30,EDT,Hydro,2805,,,,,
7/27/2018 6:35,EDT,Dual Fuel,3387,,,,,
7/27/2018 6:35,EDT,Natural Gas,3365,,,,,
7/27/2018 6:35,EDT,Nuclear,5251,,,,,
7/27/2018 6:35,EDT,Other Fossil Fuels,0,,,,,
7/27/2018 6:35,EDT,Other Renewables,276,,,,,
7/27/2018 6:35,EDT,Wind,415,,,,,
7/27/2018 6:35,EDT,Hydro,2861,,,,,
7/27/2018 6:40,EDT,Dual Fuel,3458,,,,,
7/27/2018 6:40,EDT,Natural Gas,3416,,,,,
7/27/2018 6:40,EDT,Nuclear,5251,,,,,
7/27/2018 6:40,EDT,Other Fossil Fuels,0,,,,,
7/27/2018 6:40,EDT,Other Renewables,277,,,,,
7/27/2018 6:40,EDT,Wind,412,,,,,
7/27/2018 6:40,EDT,Hydro,2916,,,,,
7/27/2018 6:45,EDT,Dual Fuel,3528,,,,,
7/27/2018 6:45,EDT,Natural Gas,3475,,,,,
7/27/2018 6:45,EDT,Nuclear,5254,,,,,
7/27/2018 6:45,EDT,Other Fossil Fuels,0,,,,,
7/27/2018 6:45,EDT,Other Renewables,276,,,,,
7/27/2018 6:45,EDT,Wind,409,,,,,
7/27/2018 6:45,EDT,Hydro,2901,,,,,
7/27/2018 6:50,EDT,Dual Fuel,3631,,,,,
7/27/2018 6:50,EDT,Natural Gas,3509,,,,,
7/27/2018 6:50,EDT,Nuclear,5255,,,,,
7/27/2018 6:50,EDT,Other Fossil Fuels,0,,,,,
7/27/2018 6:50,EDT,Other Renewables,274,,,,,
7/27/2018 6:50,EDT,Wind,415,,,,,
7/27/2018 6:50,EDT,Hydro,2798,,,,,
7/27/2018 6:55,EDT,Dual Fuel,3722,,,,,
7/27/2018 6:55,EDT,Natural Gas,3504,,,,,
7/27/2018 6:55,EDT,Nuclear,5256,,,,,
7/27/2018 6:55,EDT,Other Fossil Fuels,0,,,,,
7/27/2018 6:55,EDT,Other Renewables,278,,,,,
7/27/2018 6:55,EDT,Wind,427,,,,,
7/27/2018 6:55,EDT,Hydro,2819,,,,,
7/27/2018 7:00,EDT,Dual Fuel,3757,,,,,
7/27/2018 7:00,EDT,Natural Gas,3508,,,,,
7/27/2018 7:00,EDT,Nuclear,5258,,,,,
7/27/2018 7:00,EDT,Other Fossil Fuels,0,,,,,
7/27/2018 7:00,EDT,Other Renewables,277,,,,,
7/27/2018 7:00,EDT,Wind,438,,,,,
7/27/2018 7:00,EDT,Hydro,2861,,,,,
7/27/2018 7:05,EDT,Dual Fuel,3752,,,,,
7/27/2018 7:05,EDT,Natural Gas,3500,,,,,
7/27/2018 7:05,EDT,Nuclear,5258,,,,,
7/27/2018 7:05,EDT,Other Fossil Fuels,0,,,,,
7/27/2018 7:05,EDT,Other Renewables,279,,,,,
7/27/2018 7:05,EDT,Wind,442,,,,,
7/27/2018 7:05,EDT,Hydro,2961,,,,,
7/27/2018 7:08,EDT,Dual Fuel,3757,,,,,
7/27/2018 7:08,EDT,Natural Gas,3527,,,,,
7/27/2018 7:08,EDT,Nuclear,5259,,,,,
7/27/2018 7:08,EDT,Other Fossil Fuels,0,,,,,
7/27/2018 7:08,EDT,Other Renewables,281,,,,,
7/27/2018 7:08,EDT,Wind,452,,,,,
7/27/2018 7:08,EDT,Hydro,3056,,,,,
7/27/2018 7:10,EDT,Dual Fuel,3806,,,,,
7/27/2018 7:10,EDT,Natural Gas,3552,,,,,
7/27/2018 7:10,EDT,Nuclear,5261,,,,,
7/27/2018 7:10,EDT,Other Fossil Fuels,0,,,,,
7/27/2018 7:10,EDT,Other Renewables,278,,,,,
7/27/2018 7:10,EDT,Wind,448,,,,,
7/27/2018 7:10,EDT,Hydro,3129,,,,,
7/27/2018 7:10,EDT,Dual Fuel,3849,,,,,
7/27/2018 7:10,EDT,Natural Gas,3563,,,,,
7/27/2018 7:10,EDT,Nuclear,5260,,,,,
7/27/2018 7:10,EDT,Other Fossil Fuels,0,,,,,
7/27/2018 7:10,EDT,Other Renewables,275,,,,,
7/27/2018 7:10,EDT,Wind,450,,,,,
7/27/2018 7:10,EDT,Hydro,3135,,,,,
7/27/2018 7:15,EDT,Dual Fuel,3906,,,,,
7/27/2018 7:15,EDT,Natural Gas,3582,,,,,
7/27/2018 7:15,EDT,Nuclear,5260,,,,,
7/27/2018 7:15,EDT,Other Fossil Fuels,0,,,,,
7/27/2018 7:15,EDT,Other Renewables,274,,,,,
7/27/2018 7:15,EDT,Wind,440,,,,,
7/27/2018 7:15,EDT,Hydro,3123,,,,,
7/27/2018 7:20,EDT,Dual Fuel,3954,,,,,
7/27/2018 7:20,EDT,Natural Gas,3604,,,,,
7/27/2018 7:20,EDT,Nuclear,5261,,,,,
7/27/2018 7:20,EDT,Other Fossil Fuels,0,,,,,
7/27/2018 7:20,EDT,Other Renewables,279,,,,,
7/27/2018 7:20,EDT,Wind,420,,,,,
7/27/2018 7:20,EDT,Hydro,3150,,,,,
7/27/2018 7:25,EDT,Dual Fuel,4014,,,,,
7/27/2018 7:25,EDT,Natural Gas,3647,,,,,
7/27/2018 7:25,EDT,Nuclear,5263,,,,,
7/27/2018 7:25,EDT,Other Fossil Fuels,0,,,,,
7/27/2018 7:25,EDT,Other Renewables,279,,,,,
7/27/2018 7:25,EDT,Wind,422,,,,,
7/27/2018 7:25,EDT,Hydro,3241,,,,,
7/27/2018 7:30,EDT,Dual Fuel,4086,,,,,
7/27/2018 7:30,EDT,Natural Gas,3717,,,,,
7/27/2018 7:30,EDT,Nuclear,5262,,,,,
7/27/2018 7:30,EDT,Other Fossil Fuels,0,,,,,
7/27/2018 7:30,EDT,Other Renewables,275,,,,,
7/27/2018 7:30,EDT,Wind,432,,,,,
7/27/2018 7:30,EDT,Hydro,3289,,,,,
7/27/2018 7:35,EDT,Dual Fuel,4198,,,,,
7/27/2018 7:35,EDT,Natural Gas,3757,,,,,
7/27/2018 7:35,EDT,Nuclear,5262,,,,,
7/27/2018 7:35,EDT,Other Fossil Fuels,0,,,,,
7/27/2018 7:35,EDT,Other Renewables,281,,,,,
7/27/2018 7:35,EDT,Wind,452,,,,,
7/27/2018 7:35,EDT,Hydro,3231,,,,,
7/27/2018 7:40,EDT,Dual Fuel,4262,,,,,
7/27/2018 7:40,EDT,Natural Gas,3780,,,,,
7/27/2018 7:40,EDT,Nuclear,5262,,,,,
7/27/2018 7:40,EDT,Other Fossil Fuels,0,,,,,
7/27/2018 7:40,EDT,Other Renewables,283,,,,,
7/27/2018 7:40,EDT,Wind,472,,,,,
7/27/2018 7:40,EDT,Hydro,3187,,,,,
7/27/2018 7:45,EDT,Dual Fuel,4327,,,,,
7/27/2018 7:45,EDT,Natural Gas,3797,,,,,
7/27/2018 7:45,EDT,Nuclear,5264,,,,,
7/27/2018 7:45,EDT,Other Fossil Fuels,0,,,,,
7/27/2018 7:45,EDT,Other Renewables,283,,,,,
7/27/2018 7:45,EDT,Wind,483,,,,,
7/27/2018 7:45,EDT,Hydro,3211,,,,,
7/27/2018 7:50,EDT,Dual Fuel,4378,,,,,
7/27/2018 7:50,EDT,Natural Gas,3804,,,,,
7/27/2018 7:50,EDT,Nuclear,5265,,,,,
7/27/2018 7:50,EDT,Other Fossil Fuels,0,,,,,
7/27/2018 7:50,EDT,Other Renewables,282,,,,,
7/27/2018 7:50,EDT,Wind,464,,,,,
7/27/2018 7:50,EDT,Hydro,3207,,,,,
7/27/2018 7:55,EDT,Dual Fuel,4434,,,,,
7/27/2018 7:55,EDT,Natural Gas,3824,,,,,
7/27/2018 7:55,EDT,Nuclear,5265,,,,,
7/27/2018 7:55,EDT,Other Fossil Fuels,0,,,,,
7/27/2018 7:55,EDT,Other Renewables,281,,,,,
7/27/2018 7:55,EDT,Wind,450,,,,,
7/27/2018 7:55,EDT,Hydro,3209,,,,,
7/27/2018 7:59,EDT,Dual Fuel,4520,,,,,
7/27/2018 7:59,EDT,Natural Gas,3831,,,,,
7/27/2018 7:59,EDT,Nuclear,5264,,,,,
7/27/2018 7:59,EDT,Other Fossil Fuels,9,,,,,
7/27/2018 7:59,EDT,Other Renewables,285,,,,,
7/27/2018 7:59,EDT,Wind,433,,,,,
7/27/2018 7:59,EDT,Hydro,3235,,,,,
7/27/2018 8:00,EDT,Dual Fuel,4555,,,,,
7/27/2018 8:00,EDT,Natural Gas,3837,,,,,
7/27/2018 8:00,EDT,Nuclear,5268,,,,,
7/27/2018 8:00,EDT,Other Fossil Fuels,36,,,,,
7/27/2018 8:00,EDT,Other Renewables,287,,,,,
7/27/2018 8:00,EDT,Wind,424,,,,,
7/27/2018 8:00,EDT,Hydro,3225,,,,,
7/27/2018 8:02,EDT,Dual Fuel,4572,,,,,
7/27/2018 8:02,EDT,Natural Gas,3846,,,,,
7/27/2018 8:02,EDT,Nuclear,5266,,,,,
7/27/2018 8:02,EDT,Other Fossil Fuels,44,,,,,
7/27/2018 8:02,EDT,Other Renewables,287,,,,,
7/27/2018 8:02,EDT,Wind,419,,,,,
7/27/2018 8:02,EDT,Hydro,3252,,,,,
7/27/2018 8:05,EDT,Dual Fuel,4569,,,,,
7/27/2018 8:05,EDT,Natural Gas,3902,,,,,
7/27/2018 8:05,EDT,Nuclear,5262,,,,,
7/27/2018 8:05,EDT,Other Fossil Fuels,46,,,,,
7/27/2018 8:05,EDT,Other Renewables,285,,,,,
7/27/2018 8:05,EDT,Wind,415,,,,,
7/27/2018 8:05,EDT,Hydro,3277,,,,,
7/27/2018 8:10,EDT,Dual Fuel,4600,,,,,
7/27/2018 8:10,EDT,Natural Gas,3989,,,,,
7/27/2018 8:10,EDT,Nuclear,5264,,,,,
7/27/2018 8:10,EDT,Other Fossil Fuels,52,,,,,
7/27/2018 8:10,EDT,Other Renewables,282,,,,,
7/27/2018 8:10,EDT,Wind,408,,,,,
7/27/2018 8:10,EDT,Hydro,3349,,,,,
7/27/2018 8:15,EDT,Dual Fuel,4662,,,,,
7/27/2018 8:15,EDT,Natural Gas,4050,,,,,
7/27/2018 8:15,EDT,Nuclear,5265,,,,,
7/27/2018 8:15,EDT,Other Fossil Fuels,46,,,,,
7/27/2018 8:15,EDT,Other Renewables,281,,,,,
7/27/2018 8:15,EDT,Wind,392,,,,,
7/27/2018 8:15,EDT,Hydro,3432,,,,,
7/27/2018 8:15,EDT,Dual Fuel,4700,,,,,
7/27/2018 8:15,EDT,Natural Gas,4065,,,,,
7/27/2018 8:15,EDT,Nuclear,5267,,,,,
7/27/2018 8:15,EDT,Other Fossil Fuels,46,,,,,
7/27/2018 8:15,EDT,Other Renewables,286,,,,,
7/27/2018 8:15,EDT,Wind,375,,,,,
7/27/2018 8:15,EDT,Hydro,3469,,,,,
7/27/2018 8:18,EDT,Dual Fuel,4721,,,,,
7/27/2018 8:18,EDT,Natural Gas,4078,,,,,
7/27/2018 8:18,EDT,Nuclear,5266,,,,,
7/27/2018 8:18,EDT,Other Fossil Fuels,46,,,,,
7/27/2018 8:18,EDT,Other Renewables,285,,,,,
7/27/2018 8:18,EDT,Wind,372,,,,,
7/27/2018 8:18,EDT,Hydro,3454,,,,,
7/27/2018 8:20,EDT,Dual Fuel,4718,,,,,
7/27/2018 8:20,EDT,Natural Gas,4097,,,,,
7/27/2018 8:20,EDT,Nuclear,5270,,,,,
7/27/2018 8:20,EDT,Other Fossil Fuels,46,,,,,
7/27/2018 8:20,EDT,Other Renewables,283,,,,,
7/27/2018 8:20,EDT,Wind,365,,,,,
7/27/2018 8:20,EDT,Hydro,3459,,,,,
7/27/2018 8:25,EDT,Dual Fuel,4690,,,,,
7/27/2018 8:25,EDT,Natural Gas,4104,,,,,
7/27/2018 8:25,EDT,Nuclear,5269,,,,,
7/27/2018 8:25,EDT,Other Fossil Fuels,46,,,,,
7/27/2018 8:25,EDT,Other Renewables,282,,,,,
7/27/2018 8:25,EDT,Wind,350,,,,,
7/27/2018 8:25,EDT,Hydro,3501,,,,,
7/27/2018 8:30,EDT,Dual Fuel,4729,,,,,
7/27/2018 8:30,EDT,Natural Gas,4096,,,,,
7/27/2018 8:30,EDT,Nuclear,5268,,,,,
7/27/2018 8:30,EDT,Other Fossil Fuels,46,,,,,
7/27/2018 8:30,EDT,Other Renewables,284,,,,,
7/27/2018 8:30,EDT,Wind,337,,,,,
7/27/2018 8:30,EDT,Hydro,3564,,,,,
7/27/2018 8:35,EDT,Dual Fuel,4809,,,,,
7/27/2018 8:35,EDT,Natural Gas,4080,,,,,
7/27/2018 8:35,EDT,Nuclear,5270,,,,,
7/27/2018 8:35,EDT,Other Fossil Fuels,46,,,,,
7/27/2018 8:35,EDT,Other Renewables,287,,,,,
7/27/2018 8:35,EDT,Wind,328,,,,,
7/27/2018 8:35,EDT,Hydro,3573,,,,,
7/27/2018 8:40,EDT,Dual Fuel,4961,,,,,
7/27/2018 8:40,EDT,Natural Gas,4087,,,,,
7/27/2018 8:40,EDT,Nuclear,5269,,,,,
7/27/2018 8:40,EDT,Other Fossil Fuels,45,,,,,
7/27/2018 8:40,EDT,Other Renewables,290,,,,,
7/27/2018 8:40,EDT,Wind,322,,,,,
7/27/2018 8:40,EDT,Hydro,3607,,,,,
7/27/2018 8:45,EDT,Dual Fuel,5021,,,,,
7/27/2018 8:45,EDT,Natural Gas,4090,,,,,
7/27/2018 8:45,EDT,Nuclear,5267,,,,,
7/27/2018 8:45,EDT,Other Fossil Fuels,45,,,,,
7/27/2018 8:45,EDT,Other Renewables,286,,,,,
7/27/2018 8:45,EDT,Wind,324,,,,,
7/27/2018 8:45,EDT,Hydro,3517,,,,,
7/27/2018 8:50,EDT,Dual Fuel,5160,,,,,
7/27/2018 8:50,EDT,Natural Gas,4100,,,,,
7/27/2018 8:50,EDT,Nuclear,5269,,,,,
7/27/2018 8:50,EDT,Other Fossil Fuels,54,,,,,
7/27/2018 8:50,EDT,Other Renewables,289,,,,,
7/27/2018 8:50,EDT,Wind,330,,,,,
7/27/2018 8:50,EDT,Hydro,3506,,,,,
7/27/2018 8:55,EDT,Dual Fuel,5241,,,,,
7/27/2018 8:55,EDT,Natural Gas,4083,,,,,
7/27/2018 8:55,EDT,Nuclear,5267,,,,,
7/27/2018 8:55,EDT,Other Fossil Fuels,56,,,,,
7/27/2018 8:55,EDT,Other Renewables,285,,,,,
7/27/2018 8:55,EDT,Wind,331,,,,,
7/27/2018 8:55,EDT,Hydro,3443,,,,,
7/27/2018 9:00,EDT,Dual Fuel,5402,,,,,
7/27/2018 9:00,EDT,Natural Gas,4125,,,,,
7/27/2018 9:00,EDT,Nuclear,5270,,,,,
7/27/2018 9:00,EDT,Other Fossil Fuels,56,,,,,
7/27/2018 9:00,EDT,Other Renewables,284,,,,,
7/27/2018 9:00,EDT,Wind,324,,,,,
7/27/2018 9:00,EDT,Hydro,3446,,,,,
7/27/2018 9:05,EDT,Dual Fuel,5696,,,,,
7/27/2018 9:05,EDT,Natural Gas,4139,,,,,
7/27/2018 9:05,EDT,Nuclear,5271,,,,,
7/27/2018 9:05,EDT,Other Fossil Fuels,56,,,,,
7/27/2018 9:05,EDT,Other Renewables,287,,,,,
7/27/2018 9:05,EDT,Wind,325,,,,,
7/27/2018 9:05,EDT,Hydro,3375,,,,,
7/27/2018 9:10,EDT,Dual Fuel,5804,,,,,
7/27/2018 9:10,EDT,Natural Gas,4187,,,,,
7/27/2018 9:10,EDT,Nuclear,5270,,,,,
7/27/2018 9:10,EDT,Other Fossil Fuels,56,,,,,
7/27/2018 9:10,EDT,Other Renewables,290,,,,,
7/27/2018 9:10,EDT,Wind,317,,,,,
7/27/2018 9:10,EDT,Hydro,3416,,,,,
7/27/2018 9:15,EDT,Dual Fuel,5907,,,,,
7/27/2018 9:15,EDT,Natural Gas,4199,,,,,
7/27/2018 9:15,EDT,Nuclear,5270,,,,,
7/27/2018 9:15,EDT,Other Fossil Fuels,56,,,,,
7/27/2018 9:15,EDT,Other Renewables,289,,,,,
7/27/2018 9:15,EDT,Wind,308,,,,,
7/27/2018 9:15,EDT,Hydro,3441,,,,,
7/27/2018 9:20,EDT,Dual Fuel,5988,,,,,
7/27/2018 9:20,EDT,Natural Gas,4217,,,,,
7/27/2018 9:20,EDT,Nuclear,5272,,,,,
7/27/2018 9:20,EDT,Other Fossil Fuels,56,,,,,
7/27/2018 9:20,EDT,Other Renewables,290,,,,,
7/27/2018 9:20,EDT,Wind,312,,,,,
7/27/2018 9:20,EDT,Hydro,3442,,,,,
7/27/2018 9:25,EDT,Dual Fuel,5997,,,,,
7/27/2018 9:25,EDT,Natural Gas,4252,,,,,
7/27/2018 9:25,EDT,Nuclear,5271,,,,,
7/27/2018 9:25,EDT,Other Fossil Fuels,57,,,,,
7/27/2018 9:25,EDT,Other Renewables,291,,,,,
7/27/2018 9:25,EDT,Wind,314,,,,,
7/27/2018 9:25,EDT,Hydro,3440,,,,,
7/27/2018 9:30,EDT,Dual Fuel,6042,,,,,
7/27/2018 9:30,EDT,Natural Gas,4261,,,,,
7/27/2018 9:30,EDT,Nuclear,5271,,,,,
7/27/2018 9:30,EDT,Other Fossil Fuels,71,,,,,
7/27/2018 9:30,EDT,Other Renewables,294,,,,,
7/27/2018 9:30,EDT,Wind,306,,,,,
7/27/2018 9:30,EDT,Hydro,3484,,,,,
7/27/2018 9:35,EDT,Dual Fuel,6113,,,,,
7/27/2018 9:35,EDT,Natural Gas,4267,,,,,
7/27/2018 9:35,EDT,Nuclear,5270,,,,,
7/27/2018 9:35,EDT,Other Fossil Fuels,73,,,,,
7/27/2018 9:35,EDT,Other Renewables,288,,,,,
7/27/2018 9:35,EDT,Wind,300,,,,,
7/27/2018 9:35,EDT,Hydro,3515,,,,,
7/27/2018 9:40,EDT,Dual Fuel,6201,,,,,
7/27/2018 9:40,EDT,Natural Gas,4273,,,,,
7/27/2018 9:40,EDT,Nuclear,5274,,,,,
7/27/2018 9:40,EDT,Other Fossil Fuels,73,,,,,
7/27/2018 9:40,EDT,Other Renewables,289,,,,,
7/27/2018 9:40,EDT,Wind,297,,,,,
7/27/2018 9:40,EDT,Hydro,3557,,,,,
7/27/2018 9:45,EDT,Dual Fuel,6289,,,,,
7/27/2018 9:45,EDT,Natural Gas,4275,,,,,
7/27/2018 9:45,EDT,Nuclear,5269,,,,,
7/27/2018 9:45,EDT,Other Fossil Fuels,73,,,,,
7/27/2018 9:45,EDT,Other Renewables,291,,,,,
7/27/2018 9:45,EDT,Wind,278,,,,,
7/27/2018 9:45,EDT,Hydro,3559,,,,,
7/27/2018 9:50,EDT,Dual Fuel,6375,,,,,
7/27/2018 9:50,EDT,Natural Gas,4279,,,,,
7/27/2018 9:50,EDT,Nuclear,5269,,,,,
7/27/2018 9:50,EDT,Other Fossil Fuels,73,,,,,
7/27/2018 9:50,EDT,Other Renewables,291,,,,,
7/27/2018 9:50,EDT,Wind,263,,,,,
7/27/2018 9:50,EDT,Hydro,3576,,,,,
7/27/2018 9:55,EDT,Dual Fuel,6470,,,,,
7/27/2018 9:55,EDT,Natural Gas,4300,,,,,
7/27/2018 9:55,EDT,Nuclear,5268,,,,,
7/27/2018 9:55,EDT,Other Fossil Fuels,96,,,,,
7/27/2018 9:55,EDT,Other Renewables,293,,,,,
7/27/2018 9:55,EDT,Wind,262,,,,,
7/27/2018 9:55,EDT,Hydro,3627,,,,,
7/27/2018 10:00,EDT,Dual Fuel,6535,,,,,
7/27/2018 10:00,EDT,Natural Gas,4328,,,,,
7/27/2018 10:00,EDT,Nuclear,5270,,,,,
7/27/2018 10:00,EDT,Other Fossil Fuels,126,,,,,
7/27/2018 10:00,EDT,Other Renewables,293,,,,,
7/27/2018 10:00,EDT,Wind,256,,,,,
7/27/2018 10:00,EDT,Hydro,3623,,,,,
7/27/2018 10:05,EDT,Dual Fuel,6589,,,,,
7/27/2018 10:05,EDT,Natural Gas,4337,,,,,
7/27/2018 10:05,EDT,Nuclear,5266,,,,,
7/27/2018 10:05,EDT,Other Fossil Fuels,142,,,,,
7/27/2018 10:05,EDT,Other Renewables,290,,,,,
7/27/2018 10:05,EDT,Wind,261,,,,,
7/27/2018 10:05,EDT,Hydro,3623,,,,,
7/27/2018 10:10,EDT,Dual Fuel,6647,,,,,
7/27/2018 10:10,EDT,Natural Gas,4318,,,,,
7/27/2018 10:10,EDT,Nuclear,5265,,,,,
7/27/2018 10:10,EDT,Other Fossil Fuels,131,,,,,
7/27/2018 10:10,EDT,Other Renewables,297,,,,,
7/27/2018 10:10,EDT,Wind,251,,,,,
7/27/2018 10:10,EDT,Hydro,3645,,,,,
7/27/2018 10:15,EDT,Dual Fuel,6717,,,,,
7/27/2018 10:15,EDT,Natural Gas,4293,,,,,
7/27/2018 10:15,EDT,Nuclear,5263,,,,,
7/27/2018 10:15,EDT,Other Fossil Fuels,130,,,,,
7/27/2018 10:15,EDT,Other Renewables,297,,,,,
7/27/2018 10:15,EDT,Wind,244,,,,,
7/27/2018 10:15,EDT,Hydro,3687,,,,,
7/27/2018 10:20,EDT,Dual Fuel,6741,,,,,
7/27/2018 10:20,EDT,Natural Gas,4298,,,,,
7/27/2018 10:20,EDT,Nuclear,5262,,,,,
7/27/2018 10:20,EDT,Other Fossil Fuels,130,,,,,
7/27/2018 10:20,EDT,Other Renewables,297,,,,,
7/27/2018 10:20,EDT,Wind,233,,,,,
7/27/2018 10:20,EDT,Hydro,3740,,,,,
7/27/2018 10:25,EDT,Dual Fuel,6747,,,,,
7/27/2018 10:25,EDT,Natural Gas,4308,,,,,
7/27/2018 10:25,EDT,Nuclear,5263,,,,,
7/27/2018 10:25,EDT,Other Fossil Fuels,129,,,,,
7/27/2018 10:25,EDT,Other Renewables,297,,,,,
7/27/2018 10:25,EDT,Wind,218,,,,,
7/27/2018 10:25,EDT,Hydro,3751,,,,,
7/27/2018 10:30,EDT,Dual Fuel,6760,,,,,
7/27/2018 10:30,EDT,Natural Gas,4318,,,,,
7/27/2018 10:30,EDT,Nuclear,5260,,,,,
7/27/2018 10:30,EDT,Other Fossil Fuels,129,,,,,
7/27/2018 10:30,EDT,Other Renewables,297,,,,,
7/27/2018 10:30,EDT,Wind,220,,,,,
7/27/2018 10:30,EDT,Hydro,3761,,,,,
7/27/2018 10:35,EDT,Dual Fuel,6795,,,,,
7/27/2018 10:35,EDT,Natural Gas,4317,,,,,
7/27/2018 10:35,EDT,Nuclear,5258,,,,,
7/27/2018 10:35,EDT,Other Fossil Fuels,137,,,,,
7/27/2018 10:35,EDT,Other Renewables,295,,,,,
7/27/2018 10:35,EDT,Wind,220,,,,,
7/27/2018 10:35,EDT,Hydro,3758,,,,,
7/27/2018 10:40,EDT,Dual Fuel,6858,,,,,
7/27/2018 10:40,EDT,Natural Gas,4342,,,,,
7/27/2018 10:40,EDT,Nuclear,5258,,,,,
7/27/2018 10:40,EDT,Other Fossil Fuels,136,,,,,
7/27/2018 10:40,EDT,Other Renewables,298,,,,,
7/27/2018 10:40,EDT,Wind,226,,,,,
7/27/2018 10:40,EDT,Hydro,3757,,,,,
7/27/2018 10:45,EDT,Dual Fuel,6932,,,,,
7/27/2018 10:45,EDT,Natural Gas,4339,,,,,
7/27/2018 10:45,EDT,Nuclear,5257,,,,,
7/27/2018 10:45,EDT,Other Fossil Fuels,136,,,,,
7/27/2018 10:45,EDT,Other Renewables,295,,,,,
7/27/2018 10:45,EDT,Wind,219,,,,,
7/27/2018 10:45,EDT,Hydro,3745,,,,,
7/27/2018 10:50,EDT,Dual Fuel,6998,,,,,
7/27/2018 10:50,EDT,Natural Gas,4336,,,,,
7/27/2018 10:50,EDT,Nuclear,5257,,,,,
7/27/2018 10:50,EDT,Other Fossil Fuels,141,,,,,
7/27/2018 10:50,EDT,Other Renewables,297,,,,,
7/27/2018 10:50,EDT,Wind,228,,,,,
7/27/2018 10:50,EDT,Hydro,3720,,,,,
7/27/2018 10:55,EDT,Dual Fuel,7062,,,,,
7/27/2018 10:55,EDT,Natural Gas,4344,,,,,
7/27/2018 10:55,EDT,Nuclear,5254,,,,,
7/27/2018 10:55,EDT,Other Fossil Fuels,143,,,,,
7/27/2018 10:55,EDT,Other Renewables,301,,,,,
7/27/2018 10:55,EDT,Wind,232,,,,,
7/27/2018 10:55,EDT,Hydro,3693,,,,,
7/27/2018 10:58,EDT,Dual Fuel,7084,,,,,
7/27/2018 10:58,EDT,Natural Gas,4382,,,,,
7/27/2018 10:58,EDT,Nuclear,5255,,,,,
7/27/2018 10:58,EDT,Other Fossil Fuels,143,,,,,
7/27/2018 10:58,EDT,Other Renewables,300,,,,,
7/27/2018 10:58,EDT,Wind,248,,,,,
7/27/2018 10:58,EDT,Hydro,3698,,,,,
7/27/2018 11:00,EDT,Dual Fuel,7032,,,,,
7/27/2018 11:00,EDT,Natural Gas,4428,,,,,
7/27/2018 11:00,EDT,Nuclear,5254,,,,,
7/27/2018 11:00,EDT,Other Fossil Fuels,144,,,,,
7/27/2018 11:00,EDT,Other Renewables,299,,,,,
7/27/2018 11:00,EDT,Wind,253,,,,,
7/27/2018 11:00,EDT,Hydro,3713,,,,,
7/27/2018 11:02,EDT,Dual Fuel,7091,,,,,
7/27/2018 11:02,EDT,Natural Gas,4458,,,,,
7/27/2018 11:02,EDT,Nuclear,5255,,,,,
7/27/2018 11:02,EDT,Other Fossil Fuels,143,,,,,
7/27/2018 11:02,EDT,Other Renewables,297,,,,,
7/27/2018 11:02,EDT,Wind,248,,,,,
7/27/2018 11:02,EDT,Hydro,3742,,,,,
7/27/2018 11:05,EDT,Dual Fuel,7186,,,,,
7/27/2018 11:05,EDT,Natural Gas,4488,,,,,
7/27/2018 11:05,EDT,Nuclear,5256,,,,,
7/27/2018 11:05,EDT,Other Fossil Fuels,143,,,,,
7/27/2018 11:05,EDT,Other Renewables,302,,,,,
7/27/2018 11:05,EDT,Wind,252,,,,,
7/27/2018 11:05,EDT,Hydro,3716,,,,,
7/27/2018 11:10,EDT,Dual Fuel,7305,,,,,
7/27/2018 11:10,EDT,Natural Gas,4514,,,,,
7/27/2018 11:10,EDT,Nuclear,5256,,,,,
7/27/2018 11:10,EDT,Other Fossil Fuels,143,,,,,
7/27/2018 11:10,EDT,Other Renewables,302,,,,,
7/27/2018 11:10,EDT,Wind,248,,,,,
7/27/2018 11:10,EDT,Hydro,3713,,,,,
7/27/2018 11:15,EDT,Dual Fuel,7393,,,,,
7/27/2018 11:15,EDT,Natural Gas,4519,,,,,
7/27/2018 11:15,EDT,Nuclear,5257,,,,,
7/27/2018 11:15,EDT,Other Fossil Fuels,143,,,,,
7/27/2018 11:15,EDT,Other Renewables,305,,,,,
7/27/2018 11:15,EDT,Wind,252,,,,,
7/27/2018 11:15,EDT,Hydro,3715,,,,,
7/27/2018 11:20,EDT,Dual Fuel,7445,,,,,
7/27/2018 11:20,EDT,Natural Gas,4531,,,,,
7/27/2018 11:20,EDT,Nuclear,5259,,,,,
7/27/2018 11:20,EDT,Other Fossil Fuels,148,,,,,
7/27/2018 11:20,EDT,Other Renewables,301,,,,,
7/27/2018 11:20,EDT,Wind,250,,,,,
7/27/2018 11:20,EDT,Hydro,3739,,,,,
7/27/2018 11:25,EDT,Dual Fuel,7473,,,,,
7/27/2018 11:25,EDT,Natural Gas,4572,,,,,
7/27/2018 11:25,EDT,Nuclear,5260,,,,,
7/27/2018 11:25,EDT,Other Fossil Fuels,150,,,,,
7/27/2018 11:25,EDT,Other Renewables,301,,,,,
7/27/2018 11:25,EDT,Wind,249,,,,,
7/27/2018 11:25,EDT,Hydro,3733,,,,,
7/27/2018 11:30,EDT,Dual Fuel,7525,,,,,
7/27/2018 11:30,EDT,Natural Gas,4598,,,,,
7/27/2018 11:30,EDT,Nuclear,5259,,,,,
7/27/2018 11:30,EDT,Other Fossil Fuels,150,,,,,
7/27/2018 11:30,EDT,Other Renewables,306,,,,,
7/27/2018 11:30,EDT,Wind,249,,,,,
7/27/2018 11:30,EDT,Hydro,3708,,,,,
7/27/2018 11:35,EDT,Dual Fuel,7568,,,,,
7/27/2018 11:35,EDT,Natural Gas,4610,,,,,
7/27/2018 11:35,EDT,Nuclear,5265,,,,,
7/27/2018 11:35,EDT,Other Fossil Fuels,149,,,,,
7/27/2018 11:35,EDT,Other Renewables,305,,,,,
7/27/2018 11:35,EDT,Wind,252,,,,,
7/27/2018 11:35,EDT,Hydro,3684,,,,,
7/27/2018 11:40,EDT,Dual Fuel,7595,,,,,
7/27/2018 11:40,EDT,Natural Gas,4614,,,,,
7/27/2018 11:40,EDT,Nuclear,5262,,,,,
7/27/2018 11:40,EDT,Other Fossil Fuels,149,,,,,
7/27/2018 11:40,EDT,Other Renewables,304,,,,,
7/27/2018 11:40,EDT,Wind,261,,,,,
7/27/2018 11:40,EDT,Hydro,3728,,,,,
7/27/2018 11:45,EDT,Dual Fuel,7636,,,,,
7/27/2018 11:45,EDT,Natural Gas,4612,,,,,
7/27/2018 11:45,EDT,Nuclear,5262,,,,,
7/27/2018 11:45,EDT,Other Fossil Fuels,149,,,,,
7/27/2018 11:45,EDT,Other Renewables,307,,,,,
7/27/2018 11:45,EDT,Wind,278,,,,,
7/27/2018 11:45,EDT,Hydro,3741,,,,,
7/27/2018 11:50,EDT,Dual Fuel,7645,,,,,
7/27/2018 11:50,EDT,Natural Gas,4611,,,,,
7/27/2018 11:50,EDT,Nuclear,5263,,,,,
7/27/2018 11:50,EDT,Other Fossil Fuels,149,,,,,
7/27/2018 11:50,EDT,Other Renewables,305,,,,,
7/27/2018 11:50,EDT,Wind,289,,,,,
7/27/2018 11:50,EDT,Hydro,3713,,,,,
7/27/2018 11:55,EDT,Dual Fuel,7671,,,,,
7/27/2018 11:55,EDT,Natural Gas,4615,,,,,
7/27/2018 11:55,EDT,Nuclear,5261,,,,,
7/27/2018 11:55,EDT,Other Fossil Fuels,149,,,,,
7/27/2018 11:55,EDT,Other Renewables,303,,,,,
7/27/2018 11:55,EDT,Wind,290,,,,,
7/27/2018 11:55,EDT,Hydro,3706,,,,,
7/27/2018 12:00,EDT,Dual Fuel,7568,,,,,
7/27/2018 12:00,EDT,Natural Gas,4687,,,,,
7/27/2018 12:00,EDT,Nuclear,5260,,,,,
7/27/2018 12:00,EDT,Other Fossil Fuels,149,,,,,
7/27/2018 12:00,EDT,Other Renewables,305,,,,,
7/27/2018 12:00,EDT,Wind,297,,,,,
7/27/2018 12:00,EDT,Hydro,3749,,,,,
7/27/2018 12:05,EDT,Dual Fuel,7473,,,,,
7/27/2018 12:05,EDT,Natural Gas,4732,,,,,
7/27/2018 12:05,EDT,Nuclear,5259,,,,,
7/27/2018 12:05,EDT,Other Fossil Fuels,149,,,,,
7/27/2018 12:05,EDT,Other Renewables,298,,,,,
7/27/2018 12:05,EDT,Wind,301,,,,,
7/27/2018 12:05,EDT,Hydro,3773,,,,,
7/27/2018 12:10,EDT,Dual Fuel,7465,,,,,
7/27/2018 12:10,EDT,Natural Gas,4738,,,,,
7/27/2018 12:10,EDT,Nuclear,5259,,,,,
7/27/2018 12:10,EDT,Other Fossil Fuels,149,,,,,
7/27/2018 12:10,EDT,Other Renewables,306,,,,,
7/27/2018 12:10,EDT,Wind,292,,,,,
7/27/2018 12:10,EDT,Hydro,3799,,,,,
7/27/2018 12:15,EDT,Dual Fuel,7489,,,,,
7/27/2018 12:15,EDT,Natural Gas,4738,,,,,
7/27/2018 12:15,EDT,Nuclear,5258,,,,,
7/27/2018 12:15,EDT,Other Fossil Fuels,149,,,,,
7/27/2018 12:15,EDT,Other Renewables,310,,,,,
7/27/2018 12:15,EDT,Wind,286,,,,,
7/27/2018 12:15,EDT,Hydro,3784,,,,,
7/27/2018 12:20,EDT,Dual Fuel,7487,,,,,
7/27/2018 12:20,EDT,Natural Gas,4747,,,,,
7/27/2018 12:20,EDT,Nuclear,5260,,,,,
7/27/2018 12:20,EDT,Other Fossil Fuels,149,,,,,
7/27/2018 12:20,EDT,Other Renewables,308,,,,,
7/27/2018 12:20,EDT,Wind,289,,,,,
7/27/2018 12:20,EDT,Hydro,3781,,,,,
7/27/2018 12:25,EDT,Dual Fuel,7527,,,,,
7/27/2018 12:25,EDT,Natural Gas,4755,,,,,
7/27/2018 12:25,EDT,Nuclear,5259,,,,,
7/27/2018 12:25,EDT,Other Fossil Fuels,188,,,,,
7/27/2018 12:25,EDT,Other Renewables,304,,,,,
7/27/2018 12:25,EDT,Wind,294,,,,,
7/27/2018 12:25,EDT,Hydro,3787,,,,,
7/27/2018 12:30,EDT,Dual Fuel,7573,,,,,
7/27/2018 12:30,EDT,Natural Gas,4764,,,,,
7/27/2018 12:30,EDT,Nuclear,5259,,,,,
7/27/2018 12:30,EDT,Other Fossil Fuels,233,,,,,
7/27/2018 12:30,EDT,Other Renewables,304,,,,,
7/27/2018 12:30,EDT,Wind,291,,,,,
7/27/2018 12:30,EDT,Hydro,3788,,,,,
7/27/2018 12:35,EDT,Dual Fuel,7629,,,,,
7/27/2018 12:35,EDT,Natural Gas,4768,,,,,
7/27/2018 12:35,EDT,Nuclear,5257,,,,,
7/27/2018 12:35,EDT,Other Fossil Fuels,232,,,,,
7/27/2018 12:35,EDT,Other Renewables,307,,,,,
7/27/2018 12:35,EDT,Wind,282,,,,,
7/27/2018 12:35,EDT,Hydro,3798,,,,,
7/27/2018 12:40,EDT,Dual Fuel,7654,,,,,
7/27/2018 12:40,EDT,Natural Gas,4766,,,,,
7/27/2018 12:40,EDT,Nuclear,5259,,,,,
7/27/2018 12:40,EDT,Other Fossil Fuels,232,,,,,
7/27/2018 12:40,EDT,Other Renewables,306,,,,,
7/27/2018 12:40,EDT,Wind,289,,,,,
7/27/2018 12:40,EDT,Hydro,3805,,,,,
7/27/2018 12:45,EDT,Dual Fuel,7687,,,,,
7/27/2018 12:45,EDT,Natural Gas,4772,,,,,
7/27/2018 12:45,EDT,Nuclear,5257,,,,,
7/27/2018 12:45,EDT,Other Fossil Fuels,231,,,,,
7/27/2018 12:45,EDT,Other Renewables,307,,,,,
7/27/2018 12:45,EDT,Wind,293,,,,,
7/27/2018 12:45,EDT,Hydro,3798,,,,,
7/27/2018 12:50,EDT,Dual Fuel,7706,,,,,
7/27/2018 12:50,EDT,Natural Gas,4777,,,,,
7/27/2018 12:50,EDT,Nuclear,5255,,,,,
7/27/2018 12:50,EDT,Other Fossil Fuels,232,,,,,
7/27/2018 12:50,EDT,Other Renewables,301,,,,,
7/27/2018 12:50,EDT,Wind,302,,,,,
7/27/2018 12:50,EDT,Hydro,3840,,,,,
7/27/2018 12:55,EDT,Dual Fuel,7711,,,,,
7/27/2018 12:55,EDT,Natural Gas,4780,,,,,
7/27/2018 12:55,EDT,Nuclear,5254,,,,,
7/27/2018 12:55,EDT,Other Fossil Fuels,227,,,,,
7/27/2018 12:55,EDT,Other Renewables,303,,,,,
7/27/2018 12:55,EDT,Wind,322,,,,,
7/27/2018 12:55,EDT,Hydro,3839,,,,,
7/27/2018 13:00,EDT,Dual Fuel,7783,,,,,
7/27/2018 13:00,EDT,Natural Gas,4791,,,,,
7/27/2018 13:00,EDT,Nuclear,5254,,,,,
7/27/2018 13:00,EDT,Other Fossil Fuels,182,,,,,
7/27/2018 13:00,EDT,Other Renewables,301,,,,,
7/27/2018 13:00,EDT,Wind,329,,,,,
7/27/2018 13:00,EDT,Hydro,3845,,,,,
7/27/2018 13:05,EDT,Dual Fuel,7759,,,,,
7/27/2018 13:05,EDT,Natural Gas,4796,,,,,
7/27/2018 13:05,EDT,Nuclear,5253,,,,,
7/27/2018 13:05,EDT,Other Fossil Fuels,128,,,,,
7/27/2018 13:05,EDT,Other Renewables,301,,,,,
7/27/2018 13:05,EDT,Wind,338,,,,,
7/27/2018 13:05,EDT,Hydro,3788,,,,,
7/27/2018 13:10,EDT,Dual Fuel,7741,,,,,
7/27/2018 13:10,EDT,Natural Gas,4802,,,,,
7/27/2018 13:10,EDT,Nuclear,5254,,,,,
7/27/2018 13:10,EDT,Other Fossil Fuels,121,,,,,
7/27/2018 13:10,EDT,Other Renewables,305,,,,,
7/27/2018 13:10,EDT,Wind,345,,,,,
7/27/2018 13:10,EDT,Hydro,3699,,,,,
7/27/2018 13:15,EDT,Dual Fuel,7751,,,,,
7/27/2018 13:15,EDT,Natural Gas,4814,,,,,
7/27/2018 13:15,EDT,Nuclear,5255,,,,,
7/27/2018 13:15,EDT,Other Fossil Fuels,121,,,,,
7/27/2018 13:15,EDT,Other Renewables,299,,,,,
7/27/2018 13:15,EDT,Wind,345,,,,,
7/27/2018 13:15,EDT,Hydro,3694,,,,,
7/27/2018 13:20,EDT,Dual Fuel,7790,,,,,
7/27/2018 13:20,EDT,Natural Gas,4769,,,,,
7/27/2018 13:20,EDT,Nuclear,5254,,,,,
7/27/2018 13:20,EDT,Other Fossil Fuels,121,,,,,
7/27/2018 13:20,EDT,Other Renewables,296,,,,,
7/27/2018 13:20,EDT,Wind,317,,,,,
7/27/2018 13:20,EDT,Hydro,3732,,,,,
7/27/2018 13:25,EDT,Dual Fuel,7825,,,,,
7/27/2018 13:25,EDT,Natural Gas,4756,,,,,
7/27/2018 13:25,EDT,Nuclear,5252,,,,,
7/27/2018 13:25,EDT,Other Fossil Fuels,121,,,,,
7/27/2018 13:25,EDT,Other Renewables,290,,,,,
7/27/2018 13:25,EDT,Wind,311,,,,,
7/27/2018 13:25,EDT,Hydro,3786,,,,,
7/27/2018 13:30,EDT,Dual Fuel,7850,,,,,
7/27/2018 13:30,EDT,Natural Gas,4752,,,,,
7/27/2018 13:30,EDT,Nuclear,5252,,,,,
7/27/2018 13:30,EDT,Other Fossil Fuels,121,,,,,
7/27/2018 13:30,EDT,Other Renewables,298,,,,,
7/27/2018 13:30,EDT,Wind,307,,,,,
7/27/2018 13:30,EDT,Hydro,3804,,,,,
7/27/2018 13:35,EDT,Dual Fuel,7894,,,,,
7/27/2018 13:35,EDT,Natural Gas,4764,,,,,
7/27/2018 13:35,EDT,Nuclear,5252,,,,,
7/27/2018 13:35,EDT,Other Fossil Fuels,130,,,,,
7/27/2018 13:35,EDT,Other Renewables,302,,,,,
7/27/2018 13:35,EDT,Wind,311,,,,,
7/27/2018 13:35,EDT,Hydro,3788,,,,,
7/27/2018 13:40,EDT,Dual Fuel,7912,,,,,
7/27/2018 13:40,EDT,Natural Gas,4760,,,,,
7/27/2018 13:40,EDT,Nuclear,5254,,,,,
7/27/2018 13:40,EDT,Other Fossil Fuels,177,,,,,
7/27/2018 13:40,EDT,Other Renewables,302,,,,,
7/27/2018 13:40,EDT,Wind,305,,,,,
7/27/2018 13:40,EDT,Hydro,3785,,,,,
7/27/2018 13:45,EDT,Dual Fuel,7925,,,,,
7/27/2018 13:45,EDT,Natural Gas,4756,,,,,
7/27/2018 13:45,EDT,Nuclear,5254,,,,,
7/27/2018 13:45,EDT,Other Fossil Fuels,180,,,,,
7/27/2018 13:45,EDT,Other Renewables,296,,,,,
7/27/2018 13:45,EDT,Wind,297,,,,,
7/27/2018 13:45,EDT,Hydro,3780,,,,,
7/27/2018 13:50,EDT,Dual Fuel,7958,,,,,
7/27/2018 13:50,EDT,Natural Gas,4764,,,,,
7/27/2018 13:50,EDT,Nuclear,5255,,,,,
7/27/2018 13:50,EDT,Other Fossil Fuels,197,,,,,
7/27/2018 13:50,EDT,Other Renewables,288,,,,,
7/27/2018 13:50,EDT,Wind,292,,,,,
7/27/2018 13:50,EDT,Hydro,3811,,,,,
7/27/2018 13:55,EDT,Dual Fuel,7981,,,,,
7/27/2018 13:55,EDT,Natural Gas,4760,,,,,
7/27/2018 13:55,EDT,Nuclear,5256,,,,,
7/27/2018 13:55,EDT,Other Fossil Fuels,228,,,,,
7/27/2018 13:55,EDT,Other Renewables,298,,,,,
7/27/2018 13:55,EDT,Wind,301,,,,,
7/27/2018 13:55,EDT,Hydro,3821,,,,,
7/27/2018 14:00,EDT,Dual Fuel,8132,,,,,
7/27/2018 14:00,EDT,Natural Gas,4703,,,,,
7/27/2018 14:00,EDT,Nuclear,5260,,,,,
7/27/2018 14:00,EDT,Other Fossil Fuels,176,,,,,
7/27/2018 14:00,EDT,Other Renewables,290,,,,,
7/27/2018 14:00,EDT,Wind,323,,,,,
7/27/2018 14:00,EDT,Hydro,3823,,,,,
7/27/2018 14:05,EDT,Dual Fuel,8258,,,,,
7/27/2018 14:05,EDT,Natural Gas,4681,,,,,
7/27/2018 14:05,EDT,Nuclear,5257,,,,,
7/27/2018 14:05,EDT,Other Fossil Fuels,168,,,,,
7/27/2018 14:05,EDT,Other Renewables,288,,,,,
7/27/2018 14:05,EDT,Wind,321,,,,,
7/27/2018 14:05,EDT,Hydro,3803,,,,,
7/27/2018 14:10,EDT,Dual Fuel,8332,,,,,
7/27/2018 14:10,EDT,Natural Gas,4733,,,,,
7/27/2018 14:10,EDT,Nuclear,5259,,,,,
7/27/2018 14:10,EDT,Other Fossil Fuels,157,,,,,
7/27/2018 14:10,EDT,Other Renewables,284,,,,,
7/27/2018 14:10,EDT,Wind,319,,,,,
7/27/2018 14:10,EDT,Hydro,3845,,,,,
7/27/2018 14:11,EDT,Dual Fuel,8372,,,,,
7/27/2018 14:11,EDT,Natural Gas,4733,,,,,
7/27/2018 14:11,EDT,Nuclear,5259,,,,,
7/27/2018 14:11,EDT,Other Fossil Fuels,88,,,,,
7/27/2018 14:11,EDT,Other Renewables,289,,,,,
7/27/2018 14:11,EDT,Wind,309,,,,,
7/27/2018 14:11,EDT,Hydro,3798,,,,,
7/27/2018 14:14,EDT,Dual Fuel,8418,,,,,
7/27/2018 14:14,EDT,Natural Gas,4750,,,,,
7/27/2018 14:14,EDT,Nuclear,5257,,,,,
7/27/2018 14:14,EDT,Other Fossil Fuels,80,,,,,
7/27/2018 14:14,EDT,Other Renewables,293,,,,,
7/27/2018 14:14,EDT,Wind,300,,,,,
7/27/2018 14:14,EDT,Hydro,3744,,,,,
7/27/2018 14:15,EDT,Dual Fuel,8446,,,,,
7/27/2018 14:15,EDT,Natural Gas,4754,,,,,
7/27/2018 14:15,EDT,Nuclear,5258,,,,,
7/27/2018 14:15,EDT,Other Fossil Fuels,80,,,,,
7/27/2018 14:15,EDT,Other Renewables,292,,,,,
7/27/2018 14:15,EDT,Wind,298,,,,,
7/27/2018 14:15,EDT,Hydro,3812,,,,,
7/27/2018 14:20,EDT,Dual Fuel,8490,,,,,
7/27/2018 14:20,EDT,Natural Gas,4773,,,,,
7/27/2018 14:20,EDT,Nuclear,5257,,,,,
7/27/2018 14:20,EDT,Other Fossil Fuels,80,,,,,
7/27/2018 14:20,EDT,Other Renewables,298,,,,,
7/27/2018 14:20,EDT,Wind,287,,,,,
7/27/2018 14:20,EDT,Hydro,3827,,,,,
7/27/2018 14:25,EDT,Dual Fuel,8569,,,,,
7/27/2018 14:25,EDT,Natural Gas,4774,,,,,
7/27/2018 14:25,EDT,Nuclear,5258,,,,,
7/27/2018 14:25,EDT,Other Fossil Fuels,80,,,,,
7/27/2018 14:25,EDT,Other Renewables,301,,,,,
7/27/2018 14:25,EDT,Wind,276,,,,,
7/27/2018 14:25,EDT,Hydro,3788,,,,,
7/27/2018 14:30,EDT,Dual Fuel,8575,,,,,
7/27/2018 14:30,EDT,Natural Gas,4755,,,,,
7/27/2018 14:30,EDT,Nuclear,5259,,,,,
7/27/2018 14:30,EDT,Other Fossil Fuels,81,,,,,
7/27/2018 14:30,EDT,Other Renewables,300,,,,,
7/27/2018 14:30,EDT,Wind,282,,,,,
7/27/2018 14:30,EDT,Hydro,3729,,,,,
7/27/2018 14:35,EDT,Dual Fuel,8653,,,,,
7/27/2018 14:35,EDT,Natural Gas,4789,,,,,
7/27/2018 14:35,EDT,Nuclear,5257,,,,,
7/27/2018 14:35,EDT,Other Fossil Fuels,81,,,,,
7/27/2018 14:35,EDT,Other Renewables,301,,,,,
7/27/2018 14:35,EDT,Wind,289,,,,,
7/27/2018 14:35,EDT,Hydro,3646,,,,,
7/27/2018 14:40,EDT,Dual Fuel,8719,,,,,
7/27/2018 14:40,EDT,Natural Gas,4779,,,,,
7/27/2018 14:40,EDT,Nuclear,5257,,,,,
7/27/2018 14:40,EDT,Other Fossil Fuels,81,,,,,
7/27/2018 14:40,EDT,Other Renewables,301,,,,,
7/27/2018 14:40,EDT,Wind,278,,,,,
7/27/2018 14:40,EDT,Hydro,3621,,,,,
7/27/2018 14:45,EDT,Dual Fuel,8746,,,,,
7/27/2018 14:45,EDT,Natural Gas,4729,,,,,
7/27/2018 14:45,EDT,Nuclear,5256,,,,,
7/27/2018 14:45,EDT,Other Fossil Fuels,81,,,,,
7/27/2018 14:45,EDT,Other Renewables,299,,,,,
7/27/2018 14:45,EDT,Wind,299,,,,,
7/27/2018 14:45,EDT,Hydro,3606,,,,,
7/27/2018 14:50,EDT,Dual Fuel,8776,,,,,
7/27/2018 14:50,EDT,Natural Gas,4711,,,,,
7/27/2018 14:50,EDT,Nuclear,5254,,,,,
7/27/2018 14:50,EDT,Other Fossil Fuels,81,,,,,
7/27/2018 14:50,EDT,Other Renewables,297,,,,,
7/27/2018 14:50,EDT,Wind,317,,,,,
7/27/2018 14:50,EDT,Hydro,3592,,,,,
7/27/2018 14:55,EDT,Dual Fuel,8805,,,,,
7/27/2018 14:55,EDT,Natural Gas,4721,,,,,
7/27/2018 14:55,EDT,Nuclear,5250,,,,,
7/27/2018 14:55,EDT,Other Fossil Fuels,81,,,,,
7/27/2018 14:55,EDT,Other Renewables,299,,,,,
7/27/2018 14:55,EDT,Wind,292,,,,,
7/27/2018 14:55,EDT,Hydro,3619,,,,,
7/27/2018 15:00,EDT,Dual Fuel,8864,,,,,
7/27/2018 15:00,EDT,Natural Gas,4732,,,,,
7/27/2018 15:00,EDT,Nuclear,5247,,,,,
7/27/2018 15:00,EDT,Other Fossil Fuels,81,,,,,
7/27/2018 15:00,EDT,Other Renewables,301,,,,,
7/27/2018 15:00,EDT,Wind,295,,,,,
7/27/2018 15:00,EDT,Hydro,3616,,,,,
7/27/2018 15:05,EDT,Dual Fuel,8903,,,,,
7/27/2018 15:05,EDT,Natural Gas,4741,,,,,
7/27/2018 15:05,EDT,Nuclear,5242,,,,,
7/27/2018 15:05,EDT,Other Fossil Fuels,81,,,,,
7/27/2018 15:05,EDT,Other Renewables,299,,,,,
7/27/2018 15:05,EDT,Wind,283,,,,,
7/27/2018 15:05,EDT,Hydro,3594,,,,,
7/27/2018 15:10,EDT,Dual Fuel,8905,,,,,
7/27/2018 15:10,EDT,Natural Gas,4768,,,,,
7/27/2018 15:10,EDT,Nuclear,5241,,,,,
7/27/2018 15:10,EDT,Other Fossil Fuels,81,,,,,
7/27/2018 15:10,EDT,Other Renewables,299,,,,,
7/27/2018 15:10,EDT,Wind,285,,,,,
7/27/2018 15:10,EDT,Hydro,3598,,,,,
7/27/2018 15:15,EDT,Dual Fuel,8921,,,,,
7/27/2018 15:15,EDT,Natural Gas,4795,,,,,
7/27/2018 15:15,EDT,Nuclear,5238,,,,,
7/27/2018 15:15,EDT,Other Fossil Fuels,81,,,,,
7/27/2018 15:15,EDT,Other Renewables,299,,,,,
7/27/2018 15:15,EDT,Wind,309,,,,,
7/27/2018 15:15,EDT,Hydro,3546,,,,,
7/27/2018 15:20,EDT,Dual Fuel,8980,,,,,
7/27/2018 15:20,EDT,Natural Gas,4815,,,,,
7/27/2018 15:20,EDT,Nuclear,5236,,,,,
7/27/2018 15:20,EDT,Other Fossil Fuels,81,,,,,
7/27/2018 15:20,EDT,Other Renewables,303,,,,,
7/27/2018 15:20,EDT,Wind,323,,,,,
7/27/2018 15:20,EDT,Hydro,3557,,,,,
7/27/2018 15:25,EDT,Dual Fuel,8949,,,,,
7/27/2018 15:25,EDT,Natural Gas,4832,,,,,
7/27/2018 15:25,EDT,Nuclear,5235,,,,,
7/27/2018 15:25,EDT,Other Fossil Fuels,81,,,,,
7/27/2018 15:25,EDT,Other Renewables,300,,,,,
7/27/2018 15:25,EDT,Wind,323,,,,,
7/27/2018 15:25,EDT,Hydro,3558,,,,,
7/27/2018 15:30,EDT,Dual Fuel,8938,,,,,
7/27/2018 15:30,EDT,Natural Gas,4810,,,,,
7/27/2018 15:30,EDT,Nuclear,5235,,,,,
7/27/2018 15:30,EDT,Other Fossil Fuels,81,,,,,
7/27/2018 15:30,EDT,Other Renewables,303,,,,,
7/27/2018 15:30,EDT,Wind,313,,,,,
7/27/2018 15:30,EDT,Hydro,3545,,,,,
7/27/2018 15:35,EDT,Dual Fuel,8936,,,,,
7/27/2018 15:35,EDT,Natural Gas,4801,,,,,
7/27/2018 15:35,EDT,Nuclear,5236,,,,,
7/27/2018 15:35,EDT,Other Fossil Fuels,81,,,,,
7/27/2018 15:35,EDT,Other Renewables,303,,,,,
7/27/2018 15:35,EDT,Wind,298,,,,,
7/27/2018 15:35,EDT,Hydro,3546,,,,,
7/27/2018 15:40,EDT,Dual Fuel,8843,,,,,
7/27/2018 15:40,EDT,Natural Gas,4794,,,,,
7/27/2018 15:40,EDT,Nuclear,5235,,,,,
7/27/2018 15:40,EDT,Other Fossil Fuels,81,,,,,
7/27/2018 15:40,EDT,Other Renewables,302,,,,,
7/27/2018 15:40,EDT,Wind,288,,,,,
7/27/2018 15:40,EDT,Hydro,3550,,,,,
7/27/2018 15:45,EDT,Dual Fuel,8721,,,,,
7/27/2018 15:45,EDT,Natural Gas,4779,,,,,
7/27/2018 15:45,EDT,Nuclear,5235,,,,,
7/27/2018 15:45,EDT,Other Fossil Fuels,81,,,,,
7/27/2018 15:45,EDT,Other Renewables,306,,,,,
7/27/2018 15:45,EDT,Wind,280,,,,,
7/27/2018 15:45,EDT,Hydro,3554,,,,,
7/27/2018 15:50,EDT,Dual Fuel,8601,,,,,
7/27/2018 15:50,EDT,Natural Gas,4799,,,,,
7/27/2018 15:50,EDT,Nuclear,5233,,,,,
7/27/2018 15:50,EDT,Other Fossil Fuels,81,,,,,
7/27/2018 15:50,EDT,Other Renewables,302,,,,,
7/27/2018 15:50,EDT,Wind,296,,,,,
7/27/2018 15:50,EDT,Hydro,3566,,,,,
7/27/2018 15:55,EDT,Dual Fuel,8553,,,,,
7/27/2018 15:55,EDT,Natural Gas,4795,,,,,
7/27/2018 15:55,EDT,Nuclear,5232,,,,,
7/27/2018 15:55,EDT,Other Fossil Fuels,81,,,,,
7/27/2018 15:55,EDT,Other Renewables,304,,,,,
7/27/2018 15:55,EDT,Wind,295,,,,,
7/27/2018 15:55,EDT,Hydro,3608,,,,,
7/27/2018 16:00,EDT,Dual Fuel,8497,,,,,
7/27/2018 16:00,EDT,Natural Gas,4803,,,,,
7/27/2018 16:00,EDT,Nuclear,5228,,,,,
7/27/2018 16:00,EDT,Other Fossil Fuels,81,,,,,
7/27/2018 16:00,EDT,Other Renewables,304,,,,,
7/27/2018 16:00,EDT,Wind,280,,,,,
7/27/2018 16:00,EDT,Hydro,3649,,,,,
7/27/2018 16:05,EDT,Dual Fuel,8558,,,,,
7/27/2018 16:05,EDT,Natural Gas,4852,,,,,
7/27/2018 16:05,EDT,Nuclear,5229,,,,,
7/27/2018 16:05,EDT,Other Fossil Fuels,92,,,,,
7/27/2018 16:05,EDT,Other Renewables,300,,,,,
7/27/2018 16:05,EDT,Wind,274,,,,,
7/27/2018 16:05,EDT,Hydro,3754,,,,,
7/27/2018 16:10,EDT,Dual Fuel,8653,,,,,
7/27/2018 16:10,EDT,Natural Gas,4896,,,,,
7/27/2018 16:10,EDT,Nuclear,5227,,,,,
7/27/2018 16:10,EDT,Other Fossil Fuels,125,,,,,
7/27/2018 16:10,EDT,Other Renewables,303,,,,,
7/27/2018 16:10,EDT,Wind,258,,,,,
7/27/2018 16:10,EDT,Hydro,3790,,,,,
7/27/2018 16:15,EDT,Dual Fuel,8739,,,,,
7/27/2018 16:15,EDT,Natural Gas,4888,,,,,
7/27/2018 16:15,EDT,Nuclear,5227,,,,,
7/27/2018 16:15,EDT,Other Fossil Fuels,126,,,,,
7/27/2018 16:15,EDT,Other Renewables,302,,,,,
7/27/2018 16:15,EDT,Wind,251,,,,,
7/27/2018 16:15,EDT,Hydro,3794,,,,,
7/27/2018 16:20,EDT,Dual Fuel,8791,,,,,
7/27/2018 16:20,EDT,Natural Gas,4868,,,,,
7/27/2018 16:20,EDT,Nuclear,5226,,,,,
7/27/2018 16:20,EDT,Other Fossil Fuels,126,,,,,
7/27/2018 16:20,EDT,Other Renewables,298,,,,,
7/27/2018 16:20,EDT,Wind,243,,,,,
7/27/2018 16:20,EDT,Hydro,3791,,,,,
7/27/2018 16:25,EDT,Dual Fuel,8801,,,,,
7/27/2018 16:25,EDT,Natural Gas,4871,,,,,
7/27/2018 16:25,EDT,Nuclear,5226,,,,,
7/27/2018 16:25,EDT,Other Fossil Fuels,126,,,,,
7/27/2018 16:25,EDT,Other Renewables,294,,,,,
7/27/2018 16:25,EDT,Wind,230,,,,,
7/27/2018 16:25,EDT,Hydro,3750,,,,,
7/27/2018 16:30,EDT,Dual Fuel,8813,,,,,
7/27/2018 16:30,EDT,Natural Gas,4895,,,,,
7/27/2018 16:30,EDT,Nuclear,5228,,,,,
7/27/2018 16:30,EDT,Other Fossil Fuels,126,,,,,
7/27/2018 16:30,EDT,Other Renewables,290,,,,,
7/27/2018 16:30,EDT,Wind,227,,,,,
7/27/2018 16:30,EDT,Hydro,3786,,,,,
7/27/2018 16:35,EDT,Dual Fuel,8839,,,,,
7/27/2018 16:35,EDT,Natural Gas,4889,,,,,
7/27/2018 16:35,EDT,Nuclear,5226,,,,,
7/27/2018 16:35,EDT,Other Fossil Fuels,126,,,,,
7/27/2018 16:35,EDT,Other Renewables,289,,,,,
7/27/2018 16:35,EDT,Wind,232,,,,,
7/27/2018 16:35,EDT,Hydro,3721,,,,,
7/27/2018 16:40,EDT,Dual Fuel,8757,,,,,
7/27/2018 16:40,EDT,Natural Gas,4889,,,,,
7/27/2018 16:40,EDT,Nuclear,5223,,,,,
7/27/2018 16:40,EDT,Other Fossil Fuels,126,,,,,
7/27/2018 16:40,EDT,Other Renewables,292,,,,,
7/27/2018 16:40,EDT,Wind,207,,,,,
7/27/2018 16:40,EDT,Hydro,3693,,,,,
7/27/2018 16:45,EDT,Dual Fuel,8724,,,,,
7/27/2018 16:45,EDT,Natural Gas,4847,,,,,
7/27/2018 16:45,EDT,Nuclear,5224,,,,,
7/27/2018 16:45,EDT,Other Fossil Fuels,126,,,,,
7/27/2018 16:45,EDT,Other Renewables,283,,,,,
7/27/2018 16:45,EDT,Wind,217,,,,,
7/27/2018 16:45,EDT,Hydro,3768,,,,,
7/27/2018 16:45,EDT,Dual Fuel,8798,,,,,
7/27/2018 16:45,EDT,Natural Gas,4864,,,,,
7/27/2018 16:45,EDT,Nuclear,5220,,,,,
7/27/2018 16:45,EDT,Other Fossil Fuels,126,,,,,
7/27/2018 16:45,EDT,Other Renewables,280,,,,,
7/27/2018 16:45,EDT,Wind,218,,,,,
7/27/2018 16:45,EDT,Hydro,3808,,,,,
7/27/2018 16:47,EDT,Dual Fuel,8823,,,,,
7/27/2018 16:47,EDT,Natural Gas,4876,,,,,
7/27/2018 16:47,EDT,Nuclear,5222,,,,,
7/27/2018 16:47,EDT,Other Fossil Fuels,126,,,,,
7/27/2018 16:47,EDT,Other Renewables,279,,,,,
7/27/2018 16:47,EDT,Wind,220,,,,,
7/27/2018 16:47,EDT,Hydro,3786,,,,,
7/27/2018 16:50,EDT,Dual Fuel,8826,,,,,
7/27/2018 16:50,EDT,Natural Gas,4884,,,,,
7/27/2018 16:50,EDT,Nuclear,5225,,,,,
7/27/2018 16:50,EDT,Other Fossil Fuels,126,,,,,
7/27/2018 16:50,EDT,Other Renewables,281,,,,,
7/27/2018 16:50,EDT,Wind,237,,,,,
7/27/2018 16:50,EDT,Hydro,3757,,,,,
7/27/2018 16:55,EDT,Dual Fuel,8813,,,,,
7/27/2018 16:55,EDT,Natural Gas,4874,,,,,
7/27/2018 16:55,EDT,Nuclear,5222,,,,,
7/27/2018 16:55,EDT,Other Fossil Fuels,126,,,,,
7/27/2018 16:55,EDT,Other Renewables,280,,,,,
7/27/2018 16:55,EDT,Wind,252,,,,,
7/27/2018 16:55,EDT,Hydro,3716,,,,,
7/27/2018 17:00,EDT,Dual Fuel,8740,,,,,
7/27/2018 17:00,EDT,Natural Gas,4857,,,,,
7/27/2018 17:00,EDT,Nuclear,5220,,,,,
7/27/2018 17:00,EDT,Other Fossil Fuels,127,,,,,
7/27/2018 17:00,EDT,Other Renewables,282,,,,,
7/27/2018 17:00,EDT,Wind,246,,,,,
7/27/2018 17:00,EDT,Hydro,3672,,,,,
7/27/2018 17:05,EDT,Dual Fuel,8686,,,,,
7/27/2018 17:05,EDT,Natural Gas,4817,,,,,
7/27/2018 17:05,EDT,Nuclear,5220,,,,,
7/27/2018 17:05,EDT,Other Fossil Fuels,127,,,,,
7/27/2018 17:05,EDT,Other Renewables,286,,,,,
7/27/2018 17:05,EDT,Wind,245,,,,,
7/27/2018 17:05,EDT,Hydro,3615,,,,,
7/27/2018 17:10,EDT,Dual Fuel,8536,,,,,
7/27/2018 17:10,EDT,Natural Gas,4795,,,,,
7/27/2018 17:10,EDT,Nuclear,5220,,,,,
7/27/2018 17:10,EDT,Other Fossil Fuels,127,,,,,
7/27/2018 17:10,EDT,Other Renewables,286,,,,,
7/27/2018 17:10,EDT,Wind,246,,,,,
7/27/2018 17:10,EDT,Hydro,3581,,,,,
7/27/2018 17:15,EDT,Dual Fuel,8455,,,,,
7/27/2018 17:15,EDT,Natural Gas,4799,,,,,
7/27/2018 17:15,EDT,Nuclear,5219,,,,,
7/27/2018 17:15,EDT,Other Fossil Fuels,127,,,,,
7/27/2018 17:15,EDT,Other Renewables,281,,,,,
7/27/2018 17:15,EDT,Wind,254,,,,,
7/27/2018 17:15,EDT,Hydro,3642,,,,,
7/27/2018 17:20,EDT,Dual Fuel,8397,,,,,
7/27/2018 17:20,EDT,Natural Gas,4804,,,,,
7/27/2018 17:20,EDT,Nuclear,5219,,,,,
7/27/2018 17:20,EDT,Other Fossil Fuels,127,,,,,
7/27/2018 17:20,EDT,Other Renewables,281,,,,,
7/27/2018 17:20,EDT,Wind,264,,,,,
7/27/2018 17:20,EDT,Hydro,3631,,,,,
7/27/2018 17:25,EDT,Dual Fuel,8333,,,,,
7/27/2018 17:25,EDT,Natural Gas,4814,,,,,
7/27/2018 17:25,EDT,Nuclear,5218,,,,,
7/27/2018 17:25,EDT,Other Fossil Fuels,127,,,,,
7/27/2018 17:25,EDT,Other Renewables,283,,,,,
7/27/2018 17:25,EDT,Wind,263,,,,,
7/27/2018 17:25,EDT,Hydro,3597,,,,,
7/27/2018 17:30,EDT,Dual Fuel,8320,,,,,
7/27/2018 17:30,EDT,Natural Gas,4817,,,,,
7/27/2018 17:30,EDT,Nuclear,5217,,,,,
7/27/2018 17:30,EDT,Other Fossil Fuels,122,,,,,
7/27/2018 17:30,EDT,Other Renewables,285,,,,,
7/27/2018 17:30,EDT,Wind,270,,,,,
7/27/2018 17:30,EDT,Hydro,3612,,,,,
7/27/2018 17:35,EDT,Dual Fuel,8390,,,,,
7/27/2018 17:35,EDT,Natural Gas,4824,,,,,
7/27/2018 17:35,EDT,Nuclear,5218,,,,,
7/27/2018 17:35,EDT,Other Fossil Fuels,118,,,,,
7/27/2018 17:35,EDT,Other Renewables,279,,,,,
7/27/2018 17:35,EDT,Wind,286,,,,,
7/27/2018 17:35,EDT,Hydro,3624,,,,,
7/27/2018 17:40,EDT,Dual Fuel,8426,,,,,
7/27/2018 17:40,EDT,Natural Gas,4826,,,,,
7/27/2018 17:40,EDT,Nuclear,5218,,,,,
7/27/2018 17:40,EDT,Other Fossil Fuels,118,,,,,
7/27/2018 17:40,EDT,Other Renewables,282,,,,,
7/27/2018 17:40,EDT,Wind,294,,,,,
7/27/2018 17:40,EDT,Hydro,3620,,,,,
7/27/2018 17:45,EDT,Dual Fuel,8442,,,,,
7/27/2018 17:45,EDT,Natural Gas,4823,,,,,
7/27/2018 17:45,EDT,Nuclear,5217,,,,,
7/27/2018 17:45,EDT,Other Fossil Fuels,118,,,,,
7/27/2018 17:45,EDT,Other Renewables,284,,,,,
7/27/2018 17:45,EDT,Wind,305,,,,,
7/27/2018 17:45,EDT,Hydro,3601,,,,,
7/27/2018 17:50,EDT,Dual Fuel,8452,,,,,
7/27/2018 17:50,EDT,Natural Gas,4817,,,,,
7/27/2018 17:50,EDT,Nuclear,5217,,,,,
7/27/2018 17:50,EDT,Other Fossil Fuels,118,,,,,
7/27/2018 17:50,EDT,Other Renewables,282,,,,,
7/27/2018 17:50,EDT,Wind,315,,,,,
7/27/2018 17:50,EDT,Hydro,3655,,,,,
7/27/2018 17:55,EDT,Dual Fuel,8443,,,,,
7/27/2018 17:55,EDT,Natural Gas,4826,,,,,
7/27/2018 17:55,EDT,Nuclear,5216,,,,,
7/27/2018 17:55,EDT,Other Fossil Fuels,118,,,,,
7/27/2018 17:55,EDT,Other Renewables,283,,,,,
7/27/2018 17:55,EDT,Wind,306,,,,,
7/27/2018 17:55,EDT,Hydro,3627,,,,,
7/27/2018 18:00,EDT,Dual Fuel,8332,,,,,
7/27/2018 18:00,EDT,Natural Gas,4848,,,,,
7/27/2018 18:00,EDT,Nuclear,5216,,,,,
7/27/2018 18:00,EDT,Other Fossil Fuels,118,,,,,
7/27/2018 18:00,EDT,Other Renewables,282,,,,,
7/27/2018 18:00,EDT,Wind,290,,,,,
7/27/2018 18:00,EDT,Hydro,3605,,,,,
7/27/2018 18:05,EDT,Dual Fuel,8131,,,,,
7/27/2018 18:05,EDT,Natural Gas,4856,,,,,
7/27/2018 18:05,EDT,Nuclear,5216,,,,,
7/27/2018 18:05,EDT,Other Fossil Fuels,118,,,,,
7/27/2018 18:05,EDT,Other Renewables,277,,,,,
7/27/2018 18:05,EDT,Wind,298,,,,,
7/27/2018 18:05,EDT,Hydro,3627,,,,,
7/27/2018 18:10,EDT,Dual Fuel,8078,,,,,
7/27/2018 18:10,EDT,Natural Gas,4806,,,,,
7/27/2018 18:10,EDT,Nuclear,5216,,,,,
7/27/2018 18:10,EDT,Other Fossil Fuels,118,,,,,
7/27/2018 18:10,EDT,Other Renewables,279,,,,,
7/27/2018 18:10,EDT,Wind,289,,,,,
7/27/2018 18:10,EDT,Hydro,3510,,,,,
7/27/2018 18:15,EDT,Dual Fuel,8062,,,,,
7/27/2018 18:15,EDT,Natural Gas,4781,,,,,
7/27/2018 18:15,EDT,Nuclear,5217,,,,,
7/27/2018 18:15,EDT,Other Fossil Fuels,119,,,,,
7/27/2018 18:15,EDT,Other Renewables,281,,,,,
7/27/2018 18:15,EDT,Wind,270,,,,,
7/27/2018 18:15,EDT,Hydro,3537,,,,,
7/27/2018 18:20,EDT,Dual Fuel,8149,,,,,
7/27/2018 18:20,EDT,Natural Gas,4731,,,,,
7/27/2018 18:20,EDT,Nuclear,5216,,,,,
7/27/2018 18:20,EDT,Other Fossil Fuels,119,,,,,
7/27/2018 18:20,EDT,Other Renewables,278,,,,,
7/27/2018 18:20,EDT,Wind,261,,,,,
7/27/2018 18:20,EDT,Hydro,3602,,,,,
7/27/2018 18:25,EDT,Dual Fuel,8131,,,,,
7/27/2018 18:25,EDT,Natural Gas,4718,,,,,
7/27/2018 18:25,EDT,Nuclear,5217,,,,,
7/27/2018 18:25,EDT,Other Fossil Fuels,119,,,,,
7/27/2018 18:25,EDT,Other Renewables,278,,,,,
7/27/2018 18:25,EDT,Wind,267,,,,,
7/27/2018 18:25,EDT,Hydro,3674,,,,,
7/27/2018 18:30,EDT,Dual Fuel,8104,,,,,
7/27/2018 18:30,EDT,Natural Gas,4689,,,,,
7/27/2018 18:30,EDT,Nuclear,5216,,,,,
7/27/2018 18:30,EDT,Other Fossil Fuels,119,,,,,
7/27/2018 18:30,EDT,Other Renewables,277,,,,,
7/27/2018 18:30,EDT,Wind,263,,,,,
7/27/2018 18:30,EDT,Hydro,3683,,,,,
7/27/2018 18:35,EDT,Dual Fuel,8036,,,,,
7/27/2018 18:35,EDT,Natural Gas,4690,,,,,
7/27/2018 18:35,EDT,Nuclear,5216,,,,,
7/27/2018 18:35,EDT,Other Fossil Fuels,119,,,,,
7/27/2018 18:35,EDT,Other Renewables,272,,,,,
7/27/2018 18:35,EDT,Wind,250,,,,,
7/27/2018 18:35,EDT,Hydro,3658,,,,,
7/27/2018 18:40,EDT,Dual Fuel,7986,,,,,
7/27/2018 18:40,EDT,Natural Gas,4717,,,,,
7/27/2018 18:40,EDT,Nuclear,5218,,,,,
7/27/2018 18:40,EDT,Other Fossil Fuels,119,,,,,
7/27/2018 18:40,EDT,Other Renewables,270,,,,,
7/27/2018 18:40,EDT,Wind,244,,,,,
7/27/2018 18:40,EDT,Hydro,3637,,,,,
7/27/2018 18:45,EDT,Dual Fuel,7919,,,,,
7/27/2018 18:45,EDT,Natural Gas,4711,,,,,
7/27/2018 18:45,EDT,Nuclear,5216,,,,,
7/27/2018 18:45,EDT,Other Fossil Fuels,119,,,,,
7/27/2018 18:45,EDT,Other Renewables,267,,,,,
7/27/2018 18:45,EDT,Wind,232,,,,,
7/27/2018 18:45,EDT,Hydro,3637,,,,,
7/27/2018 18:50,EDT,Dual Fuel,7892,,,,,
7/27/2018 18:50,EDT,Natural Gas,4701,,,,,
7/27/2018 18:50,EDT,Nuclear,5219,,,,,
7/27/2018 18:50,EDT,Other Fossil Fuels,119,,,,,
7/27/2018 18:50,EDT,Other Renewables,265,,,,,
7/27/2018 18:50,EDT,Wind,224,,,,,
7/27/2018 18:50,EDT,Hydro,3613,,,,,
7/27/2018 18:55,EDT,Dual Fuel,7840,,,,,
7/27/2018 18:55,EDT,Natural Gas,4686,,,,,
7/27/2018 18:55,EDT,Nuclear,5218,,,,,
7/27/2018 18:55,EDT,Other Fossil Fuels,119,,,,,
7/27/2018 18:55,EDT,Other Renewables,268,,,,,
7/27/2018 18:55,EDT,Wind,219,,,,,
7/27/2018 18:55,EDT,Hydro,3506,,,,,
7/27/2018 19:00,EDT,Dual Fuel,7756,,,,,
7/27/2018 19:00,EDT,Natural Gas,4678,,,,,
7/27/2018 19:00,EDT,Nuclear,5218,,,,,
7/27/2018 19:00,EDT,Other Fossil Fuels,119,,,,,
7/27/2018 19:00,EDT,Other Renewables,267,,,,,
7/27/2018 19:00,EDT,Wind,202,,,,,
7/27/2018 19:00,EDT,Hydro,3526,,,,,
7/27/2018 19:05,EDT,Dual Fuel,7736,,,,,
7/27/2018 19:05,EDT,Natural Gas,4687,,,,,
7/27/2018 19:05,EDT,Nuclear,5218,,,,,
7/27/2018 19:05,EDT,Other Fossil Fuels,119,,,,,
7/27/2018 19:05,EDT,Other Renewables,268,,,,,
7/27/2018 19:05,EDT,Wind,194,,,,,
7/27/2018 19:05,EDT,Hydro,3561,,,,,
7/27/2018 19:10,EDT,Dual Fuel,7721,,,,,
7/27/2018 19:10,EDT,Natural Gas,4688,,,,,
7/27/2018 19:10,EDT,Nuclear,5220,,,,,
7/27/2018 19:10,EDT,Other Fossil Fuels,119,,,,,
7/27/2018 19:10,EDT,Other Renewables,270,,,,,
7/27/2018 19:10,EDT,Wind,182,,,,,
7/27/2018 19:10,EDT,Hydro,3538,,,,,
7/27/2018 19:15,EDT,Dual Fuel,7575,,,,,
7/27/2018 19:15,EDT,Natural Gas,4676,,,,,
7/27/2018 19:15,EDT,Nuclear,5222,,,,,
7/27/2018 19:15,EDT,Other Fossil Fuels,119,,,,,
7/27/2018 19:15,EDT,Other Renewables,278,,,,,
7/27/2018 19:15,EDT,Wind,171,,,,,
7/27/2018 19:15,EDT,Hydro,3580,,,,,
7/27/2018 19:20,EDT,Dual Fuel,7479,,,,,
7/27/2018 19:20,EDT,Natural Gas,4622,,,,,
7/27/2018 19:20,EDT,Nuclear,5221,,,,,
7/27/2018 19:20,EDT,Other Fossil Fuels,119,,,,,
7/27/2018 19:20,EDT,Other Renewables,277,,,,,
7/27/2018 19:20,EDT,Wind,151,,,,,
7/27/2018 19:20,EDT,Hydro,3749,,,,,
7/27/2018 19:25,EDT,Dual Fuel,7398,,,,,
7/27/2018 19:25,EDT,Natural Gas,4584,,,,,
7/27/2018 19:25,EDT,Nuclear,5225,,,,,
7/27/2018 19:25,EDT,Other Fossil Fuels,119,,,,,
7/27/2018 19:25,EDT,Other Renewables,278,,,,,
7/27/2018 19:25,EDT,Wind,148,,,,,
7/27/2018 19:25,EDT,Hydro,3722,,,,,
7/27/2018 19:30,EDT,Dual Fuel,7331,,,,,
7/27/2018 19:30,EDT,Natural Gas,4560,,,,,
7/27/2018 19:30,EDT,Nuclear,5223,,,,,
7/27/2018 19:30,EDT,Other Fossil Fuels,119,,,,,
7/27/2018 19:30,EDT,Other Renewables,277,,,,,
7/27/2018 19:30,EDT,Wind,152,,,,,
7/27/2018 19:30,EDT,Hydro,3708,,,,,
7/27/2018 19:35,EDT,Dual Fuel,7307,,,,,
7/27/2018 19:35,EDT,Natural Gas,4547,,,,,
7/27/2018 19:35,EDT,Nuclear,5224,,,,,
7/27/2018 19:35,EDT,Other Fossil Fuels,119,,,,,
7/27/2018 19:35,EDT,Other Renewables,276,,,,,
7/27/2018 19:35,EDT,Wind,154,,,,,
7/27/2018 19:35,EDT,Hydro,3672,,,,,
7/27/2018 19:40,EDT,Dual Fuel,7294,,,,,
7/27/2018 19:40,EDT,Natural Gas,4525,,,,,
7/27/2018 19:40,EDT,Nuclear,5226,,,,,
7/27/2018 19:40,EDT,Other Fossil Fuels,119,,,,,
7/27/2018 19:40,EDT,Other Renewables,275,,,,,
7/27/2018 19:40,EDT,Wind,154,,,,,
7/27/2018 19:40,EDT,Hydro,3617,,,,,
7/27/2018 19:45,EDT,Dual Fuel,7272,,,,,
7/27/2018 19:45,EDT,Natural Gas,4501,,,,,
7/27/2018 19:45,EDT,Nuclear,5228,,,,,
7/27/2018 19:45,EDT,Other Fossil Fuels,97,,,,,
7/27/2018 19:45,EDT,Other Renewables,276,,,,,
7/27/2018 19:45,EDT,Wind,142,,,,,
7/27/2018 19:45,EDT,Hydro,3617,,,,,
7/27/2018 19:50,EDT,Dual Fuel,7276,,,,,
7/27/2018 19:50,EDT,Natural Gas,4532,,,,,
7/27/2018 19:50,EDT,Nuclear,5228,,,,,
7/27/2018 19:50,EDT,Other Fossil Fuels,72,,,,,
7/27/2018 19:50,EDT,Other Renewables,277,,,,,
7/27/2018 19:50,EDT,Wind,132,,,,,
7/27/2018 19:50,EDT,Hydro,3628,,,,,
7/27/2018 19:55,EDT,Dual Fuel,7278,,,,,
7/27/2018 19:55,EDT,Natural Gas,4562,,,,,
7/27/2018 19:55,EDT,Nuclear,5226,,,,,
7/27/2018 19:55,EDT,Other Fossil Fuels,71,,,,,
7/27/2018 19:55,EDT,Other Renewables,274,,,,,
7/27/2018 19:55,EDT,Wind,124,,,,,
7/27/2018 19:55,EDT,Hydro,3656,,,,,
7/27/2018 20:00,EDT,Dual Fuel,7198,,,,,
7/27/2018 20:00,EDT,Natural Gas,4508,,,,,
7/27/2018 20:00,EDT,Nuclear,5228,,,,,
7/27/2018 20:00,EDT,Other Fossil Fuels,71,,,,,
7/27/2018 20:00,EDT,Other Renewables,277,,,,,
7/27/2018 20:00,EDT,Wind,116,,,,,
7/27/2018 20:00,EDT,Hydro,3633,,,,,
7/27/2018 20:05,EDT,Dual Fuel,7224,,,,,
7/27/2018 20:05,EDT,Natural Gas,4493,,,,,
7/27/2018 20:05,EDT,Nuclear,5229,,,,,
7/27/2018 20:05,EDT,Other Fossil Fuels,71,,,,,
7/27/2018 20:05,EDT,Other Renewables,284,,,,,
7/27/2018 20:05,EDT,Wind,116,,,,,
7/27/2018 20:05,EDT,Hydro,3529,,,,,
7/27/2018 20:10,EDT,Dual Fuel,7248,,,,,
7/27/2018 20:10,EDT,Natural Gas,4472,,,,,
7/27/2018 20:10,EDT,Nuclear,5231,,,,,
7/27/2018 20:10,EDT,Other Fossil Fuels,71,,,,,
7/27/2018 20:10,EDT,Other Renewables,271,,,,,
7/27/2018 20:10,EDT,Wind,127,,,,,
7/27/2018 20:10,EDT,Hydro,3422,,,,,
7/27/2018 20:15,EDT,Dual Fuel,7265,,,,,
7/27/2018 20:15,EDT,Natural Gas,4429,,,,,
7/27/2018 20:15,EDT,Nuclear,5227,,,,,
7/27/2018 20:15,EDT,Other Fossil Fuels,71,,,,,
7/27/2018 20:15,EDT,Other Renewables,267,,,,,
7/27/2018 20:15,EDT,Wind,134,,,,,
7/27/2018 20:15,EDT,Hydro,3314,,,,,
7/27/2018 20:20,EDT,Dual Fuel,7324,,,,,
7/27/2018 20:20,EDT,Natural Gas,4379,,,,,
7/27/2018 20:20,EDT,Nuclear,5229,,,,,
7/27/2018 20:20,EDT,Other Fossil Fuels,71,,,,,
7/27/2018 20:20,EDT,Other Renewables,266,,,,,
7/27/2018 20:20,EDT,Wind,131,,,,,
7/27/2018 20:20,EDT,Hydro,3295,,,,,
7/27/2018 20:25,EDT,Dual Fuel,7384,,,,,
7/27/2018 20:25,EDT,Natural Gas,4292,,,,,
7/27/2018 20:25,EDT,Nuclear,5229,,,,,
7/27/2018 20:25,EDT,Other Fossil Fuels,71,,,,,
7/27/2018 20:25,EDT,Other Renewables,262,,,,,
7/27/2018 20:25,EDT,Wind,137,,,,,
7/27/2018 20:25,EDT,Hydro,3340,,,,,
7/27/2018 20:30,EDT,Dual Fuel,7400,,,,,
7/27/2018 20:30,EDT,Natural Gas,4243,,,,,
7/27/2018 20:30,EDT,Nuclear,5231,,,,,
7/27/2018 20:30,EDT,Other Fossil Fuels,71,,,,,
7/27/2018 20:30,EDT,Other Renewables,264,,,,,
7/27/2018 20:30,EDT,Wind,138,,,,,
7/27/2018 20:30,EDT,Hydro,3296,,,,,
7/27/2018 20:35,EDT,Dual Fuel,7419,,,,,
7/27/2018 20:35,EDT,Natural Gas,4173,,,,,
7/27/2018 20:35,EDT,Nuclear,5232,,,,,
7/27/2018 20:35,EDT,Other Fossil Fuels,71,,,,,
7/27/2018 20:35,EDT,Other Renewables,263,,,,,
7/27/2018 20:35,EDT,Wind,135,,,,,
7/27/2018 20:35,EDT,Hydro,3245,,,,,
7/27/2018 20:40,EDT,Dual Fuel,7439,,,,,
7/27/2018 20:40,EDT,Natural Gas,4144,,,,,
7/27/2018 20:40,EDT,Nuclear,5233,,,,,
7/27/2018 20:40,EDT,Other Fossil Fuels,69,,,,,
7/27/2018 20:40,EDT,Other Renewables,264,,,,,
7/27/2018 20:40,EDT,Wind,136,,,,,
7/27/2018 20:40,EDT,Hydro,3184,,,,,
7/27/2018 20:45,EDT,Dual Fuel,7458,,,,,
7/27/2018 20:45,EDT,Natural Gas,4153,,,,,
7/27/2018 20:45,EDT,Nuclear,5229,,,,,
7/27/2018 20:45,EDT,Other Fossil Fuels,70,,,,,
7/27/2018 20:45,EDT,Other Renewables,266,,,,,
7/27/2018 20:45,EDT,Wind,129,,,,,
7/27/2018 20:45,EDT,Hydro,3160,,,,,
7/27/2018 20:50,EDT,Dual Fuel,7529,,,,,
7/27/2018 20:50,EDT,Natural Gas,4159,,,,,
7/27/2018 20:50,EDT,Nuclear,5230,,,,,
7/27/2018 20:50,EDT,Other Fossil Fuels,71,,,,,
7/27/2018 20:50,EDT,Other Renewables,269,,,,,
7/27/2018 20:50,EDT,Wind,123,,,,,
7/27/2018 20:50,EDT,Hydro,3159,,,,,
7/27/2018 20:55,EDT,Dual Fuel,7517,,,,,
7/27/2018 20:55,EDT,Natural Gas,4131,,,,,
7/27/2018 20:55,EDT,Nuclear,5228,,,,,
7/27/2018 20:55,EDT,Other Fossil Fuels,43,,,,,
7/27/2018 20:55,EDT,Other Renewables,268,,,,,
7/27/2018 20:55,EDT,Wind,120,,,,,
7/27/2018 20:55,EDT,Hydro,3167,,,,,
7/27/2018 21:00,EDT,Dual Fuel,7490,,,,,
7/27/2018 21:00,EDT,Natural Gas,4104,,,,,
7/27/2018 21:00,EDT,Nuclear,5227,,,,,
7/27/2018 21:00,EDT,Other Fossil Fuels,25,,,,,
7/27/2018 21:00,EDT,Other Renewables,267,,,,,
7/27/2018 21:00,EDT,Wind,116,,,,,
7/27/2018 21:00,EDT,Hydro,3184,,,,,
7/27/2018 21:05,EDT,Dual Fuel,7339,,,,,
7/27/2018 21:05,EDT,Natural Gas,4002,,,,,
7/27/2018 21:05,EDT,Nuclear,5228,,,,,
7/27/2018 21:05,EDT,Other Fossil Fuels,25,,,,,
7/27/2018 21:05,EDT,Other Renewables,269,,,,,
7/27/2018 21:05,EDT,Wind,112,,,,,
7/27/2018 21:05,EDT,Hydro,3204,,,,,
7/27/2018 21:10,EDT,Dual Fuel,7202,,,,,
7/27/2018 21:10,EDT,Natural Gas,3929,,,,,
7/27/2018 21:10,EDT,Nuclear,5227,,,,,
7/27/2018 21:10,EDT,Other Fossil Fuels,25,,,,,
7/27/2018 21:10,EDT,Other Renewables,266,,,,,
7/27/2018 21:10,EDT,Wind,105,,,,,
7/27/2018 21:10,EDT,Hydro,3164,,,,,
7/27/2018 21:15,EDT,Dual Fuel,7047,,,,,
7/27/2018 21:15,EDT,Natural Gas,3901,,,,,
7/27/2018 21:15,EDT,Nuclear,5227,,,,,
7/27/2018 21:15,EDT,Other Fossil Fuels,25,,,,,
7/27/2018 21:15,EDT,Other Renewables,266,,,,,
7/27/2018 21:15,EDT,Wind,97,,,,,
7/27/2018 21:15,EDT,Hydro,3182,,,,,
7/27/2018 21:20,EDT,Dual Fuel,6984,,,,,
7/27/2018 21:20,EDT,Natural Gas,3895,,,,,
7/27/2018 21:20,EDT,Nuclear,5227,,,,,
7/27/2018 21:20,EDT,Other Fossil Fuels,25,,,,,
7/27/2018 21:20,EDT,Other Renewables,269,,,,,
7/27/2018 21:20,EDT,Wind,94,,,,,
7/27/2018 21:20,EDT,Hydro,3209,,,,,
7/27/2018 21:25,EDT,Dual Fuel,6952,,,,,
7/27/2018 21:25,EDT,Natural Gas,3843,,,,,
7/27/2018 21:25,EDT,Nuclear,5227,,,,,
7/27/2018 21:25,EDT,Other Fossil Fuels,25,,,,,
7/27/2018 21:25,EDT,Other Renewables,268,,,,,
7/27/2018 21:25,EDT,Wind,94,,,,,
7/27/2018 21:25,EDT,Hydro,3241,,,,,
7/27/2018 21:30,EDT,Dual Fuel,6914,,,,,
7/27/2018 21:30,EDT,Natural Gas,3822,,,,,
7/27/2018 21:30,EDT,Nuclear,5230,,,,,
7/27/2018 21:30,EDT,Other Fossil Fuels,25,,,,,
7/27/2018 21:30,EDT,Other Renewables,268,,,,,
7/27/2018 21:30,EDT,Wind,94,,,,,
7/27/2018 21:30,EDT,Hydro,3250,,,,,
7/27/2018 21:35,EDT,Dual Fuel,6871,,,,,
7/27/2018 21:35,EDT,Natural Gas,3785,,,,,
7/27/2018 21:35,EDT,Nuclear,5233,,,,,
7/27/2018 21:35,EDT,Other Fossil Fuels,25,,,,,
7/27/2018 21:35,EDT,Other Renewables,272,,,,,
7/27/2018 21:35,EDT,Wind,95,,,,,
7/27/2018 21:35,EDT,Hydro,3204,,,,,
7/27/2018 21:40,EDT,Dual Fuel,6768,,,,,
7/27/2018 21:40,EDT,Natural Gas,3771,,,,,
7/27/2018 21:40,EDT,Nuclear,5232,,,,,
7/27/2018 21:40,EDT,Other Fossil Fuels,25,,,,,
7/27/2018 21:40,EDT,Other Renewables,275,,,,,
7/27/2018 21:40,EDT,Wind,96,,,,,
7/27/2018 21:40,EDT,Hydro,3157,,,,,
7/27/2018 21:45,EDT,Dual Fuel,6568,,,,,
7/27/2018 21:45,EDT,Natural Gas,3780,,,,,
7/27/2018 21:45,EDT,Nuclear,5233,,,,,
7/27/2018 21:45,EDT,Other Fossil Fuels,25,,,,,
7/27/2018 21:45,EDT,Other Renewables,274,,,,,
7/27/2018 21:45,EDT,Wind,96,,,,,
7/27/2018 21:45,EDT,Hydro,3196,,,,,
7/27/2018 21:50,EDT,Dual Fuel,6432,,,,,
7/27/2018 21:50,EDT,Natural Gas,3790,,,,,
7/27/2018 21:50,EDT,Nuclear,5234,,,,,
7/27/2018 21:50,EDT,Other Fossil Fuels,25,,,,,
7/27/2018 21:50,EDT,Other Renewables,274,,,,,
7/27/2018 21:50,EDT,Wind,105,,,,,
7/27/2018 21:50,EDT,Hydro,3227,,,,,
7/27/2018 21:55,EDT,Dual Fuel,6271,,,,,
7/27/2018 21:55,EDT,Natural Gas,3765,,,,,
7/27/2018 21:55,EDT,Nuclear,5231,,,,,
7/27/2018 21:55,EDT,Other Fossil Fuels,25,,,,,
7/27/2018 21:55,EDT,Other Renewables,278,,,,,
7/27/2018 21:55,EDT,Wind,124,,,,,
7/27/2018 21:55,EDT,Hydro,3210,,,,,
7/27/2018 22:00,EDT,Dual Fuel,6089,,,,,
7/27/2018 22:00,EDT,Natural Gas,3720,,,,,
7/27/2018 22:00,EDT,Nuclear,5235,,,,,
7/27/2018 22:00,EDT,Other Fossil Fuels,25,,,,,
7/27/2018 22:00,EDT,Other Renewables,276,,,,,
7/27/2018 22:00,EDT,Wind,145,,,,,
7/27/2018 22:00,EDT,Hydro,3154,,,,,
7/27/2018 22:05,EDT,Dual Fuel,5819,,,,,
7/27/2018 22:05,EDT,Natural Gas,3709,,,,,
7/27/2018 22:05,EDT,Nuclear,5238,,,,,
7/27/2018 22:05,EDT,Other Fossil Fuels,25,,,,,
7/27/2018 22:05,EDT,Other Renewables,276,,,,,
7/27/2018 22:05,EDT,Wind,170,,,,,
7/27/2018 22:05,EDT,Hydro,3113,,,,,
7/27/2018 22:10,EDT,Dual Fuel,5658,,,,,
7/27/2018 22:10,EDT,Natural Gas,3731,,,,,
7/27/2018 22:10,EDT,Nuclear,5238,,,,,
7/27/2018 22:10,EDT,Other Fossil Fuels,25,,,,,
7/27/2018 22:10,EDT,Other Renewables,275,,,,,
7/27/2018 22:10,EDT,Wind,195,,,,,
7/27/2018 22:10,EDT,Hydro,3001,,,,,
7/27/2018 22:15,EDT,Dual Fuel,5583,,,,,
7/27/2018 22:15,EDT,Natural Gas,3675,,,,,
7/27/2018 22:15,EDT,Nuclear,5243,,,,,
7/27/2018 22:15,EDT,Other Fossil Fuels,25,,,,,
7/27/2018 22:15,EDT,Other Renewables,273,,,,,
7/27/2018 22:15,EDT,Wind,223,,,,,
7/27/2018 22:15,EDT,Hydro,2940,,,,,
7/27/2018 22:20,EDT,Dual Fuel,5438,,,,,
7/27/2018 22:20,EDT,Natural Gas,3683,,,,,
7/27/2018 22:20,EDT,Nuclear,5248,,,,,
7/27/2018 22:20,EDT,Other Fossil Fuels,25,,,,,
7/27/2018 22:20,EDT,Other Renewables,271,,,,,
7/27/2018 22:20,EDT,Wind,242,,,,,
7/27/2018 22:20,EDT,Hydro,2846,,,,,
7/27/2018 22:25,EDT,Dual Fuel,5256,,,,,
7/27/2018 22:25,EDT,Natural Gas,3735,,,,,
7/27/2018 22:25,EDT,Nuclear,5246,,,,,
7/27/2018 22:25,EDT,Other Fossil Fuels,20,,,,,
7/27/2018 22:25,EDT,Other Renewables,273,,,,,
7/27/2018 22:25,EDT,Wind,253,,,,,
7/27/2018 22:25,EDT,Hydro,2858,,,,,
7/27/2018 22:30,EDT,Dual Fuel,5055,,,,,
7/27/2018 22:30,EDT,Natural Gas,3824,,,,,
7/27/2018 22:30,EDT,Nuclear,5247,,,,,
7/27/2018 22:30,EDT,Other Fossil Fuels,17,,,,,
7/27/2018 22:30,EDT,Other Renewables,274,,,,,
7/27/2018 22:30,EDT,Wind,269,,,,,
7/27/2018 22:30,EDT,Hydro,2851,,,,,
7/27/2018 22:35,EDT,Dual Fuel,4815,,,,,
7/27/2018 22:35,EDT,Natural Gas,3861,,,,,
7/27/2018 22:35,EDT,Nuclear,5244,,,,,
7/27/2018 22:35,EDT,Other Fossil Fuels,17,,,,,
7/27/2018 22:35,EDT,Other Renewables,278,,,,,
7/27/2018 22:35,EDT,Wind,275,,,,,
7/27/2018 22:35,EDT,Hydro,2890,,,,,
7/27/2018 22:40,EDT,Dual Fuel,4693,,,,,
7/27/2018 22:40,EDT,Natural Gas,3867,,,,,
7/27/2018 22:40,EDT,Nuclear,5244,,,,,
7/27/2018 22:40,EDT,Other Fossil Fuels,17,,,,,
7/27/2018 22:40,EDT,Other Renewables,279,,,,,
7/27/2018 22:40,EDT,Wind,279,,,,,
7/27/2018 22:40,EDT,Hydro,2953,,,,,
7/27/2018 22:45,EDT,Dual Fuel,4586,,,,,
7/27/2018 22:45,EDT,Natural Gas,3843,,,,,
7/27/2018 22:45,EDT,Nuclear,5245,,,,,
7/27/2018 22:45,EDT,Other Fossil Fuels,17,,,,,
7/27/2018 22:45,EDT,Other Renewables,274,,,,,
7/27/2018 22:45,EDT,Wind,283,,,,,
7/27/2018 22:45,EDT,Hydro,2977,,,,,
7/27/2018 22:50,EDT,Dual Fuel,4496,,,,,
7/27/2018 22:50,EDT,Natural Gas,3784,,,,,
7/27/2018 22:50,EDT,Nuclear,5243,,,,,
7/27/2018 22:50,EDT,Other Fossil Fuels,17,,,,,
7/27/2018 22:50,EDT,Other Renewables,269,,,,,
7/27/2018 22:50,EDT,Wind,276,,,,,
7/27/2018 22:50,EDT,Hydro,2983,,,,,
7/27/2018 22:55,EDT,Dual Fuel,4434,,,,,
7/27/2018 22:55,EDT,Natural Gas,3735,,,,,
7/27/2018 22:55,EDT,Nuclear,5244,,,,,
7/27/2018 22:55,EDT,Other Fossil Fuels,17,,,,,
7/27/2018 22:55,EDT,Other Renewables,274,,,,,
7/27/2018 22:55,EDT,Wind,262,,,,,
7/27/2018 22:55,EDT,Hydro,3003,,,,,
7/27/2018 23:00,EDT,Dual Fuel,4396,,,,,
7/27/2018 23:00,EDT,Natural Gas,3661,,,,,
7/27/2018 23:00,EDT,Nuclear,5243,,,,,
7/27/2018 23:00,EDT,Other Fossil Fuels,17,,,,,
7/27/2018 23:00,EDT,Other Renewables,274,,,,,
7/27/2018 23:00,EDT,Wind,249,,,,,
7/27/2018 23:00,EDT,Hydro,3017,,,,,
7/27/2018 23:05,EDT,Dual Fuel,4431,,,,,
7/27/2018 23:05,EDT,Natural Gas,3543,,,,,
7/27/2018 23:05,EDT,Nuclear,5242,,,,,
7/27/2018 23:05,EDT,Other Fossil Fuels,17,,,,,
7/27/2018 23:05,EDT,Other Renewables,271,,,,,
7/27/2018 23:05,EDT,Wind,232,,,,,
7/27/2018 23:05,EDT,Hydro,3016,,,,,
7/27/2018 23:10,EDT,Dual Fuel,4406,,,,,
7/27/2018 23:10,EDT,Natural Gas,3519,,,,,
7/27/2018 23:10,EDT,Nuclear,5244,,,,,
7/27/2018 23:10,EDT,Other Fossil Fuels,17,,,,,
7/27/2018 23:10,EDT,Other Renewables,279,,,,,
7/27/2018 23:10,EDT,Wind,224,,,,,
7/27/2018 23:10,EDT,Hydro,2951,,,,,
7/27/2018 23:15,EDT,Dual Fuel,4343,,,,,
7/27/2018 23:15,EDT,Natural Gas,3478,,,,,
7/27/2018 23:15,EDT,Nuclear,5244,,,,,
7/27/2018 23:15,EDT,Other Fossil Fuels,17,,,,,
7/27/2018 23:15,EDT,Other Renewables,277,,,,,
7/27/2018 23:15,EDT,Wind,225,,,,,
7/27/2018 23:15,EDT,Hydro,2895,,,,,
7/27/2018 23:20,EDT,Dual Fuel,4269,,,,,
7/27/2018 23:20,EDT,Natural Gas,3425,,,,,
7/27/2018 23:20,EDT,Nuclear,5242,,,,,
7/27/2018 23:20,EDT,Other Fossil Fuels,17,,,,,
7/27/2018 23:20,EDT,Other Renewables,271,,,,,
7/27/2018 23:20,EDT,Wind,236,,,,,
7/27/2018 23:20,EDT,Hydro,2905,,,,,
7/27/2018 23:25,EDT,Dual Fuel,4202,,,,,
7/27/2018 23:25,EDT,Natural Gas,3399,,,,,
7/27/2018 23:25,EDT,Nuclear,5242,,,,,
7/27/2018 23:25,EDT,Other Fossil Fuels,17,,,,,
7/27/2018 23:25,EDT,Other Renewables,275,,,,,
7/27/2018 23:25,EDT,Wind,253,,,,,
7/27/2018 23:25,EDT,Hydro,2908,,,,,
7/27/2018 23:30,EDT,Dual Fuel,4146,,,,,
7/27/2018 23:30,EDT,Natural Gas,3377,,,,,
7/27/2018 23:30,EDT,Nuclear,5241,,,,,
7/27/2018 23:30,EDT,Other Fossil Fuels,17,,,,,
7/27/2018 23:30,EDT,Other Renewables,275,,,,,
7/27/2018 23:30,EDT,Wind,271,,,,,
7/27/2018 23:30,EDT,Hydro,2894,,,,,
7/27/2018 23:35,EDT,Dual Fuel,4101,,,,,
7/27/2018 23:35,EDT,Natural Gas,3288,,,,,
7/27/2018 23:35,EDT,Nuclear,5242,,,,,
7/27/2018 23:35,EDT,Other Fossil Fuels,17,,,,,
7/27/2018 23:35,EDT,Other Renewables,278,,,,,
7/27/2018 23:35,EDT,Wind,282,,,,,
7/27/2018 23:35,EDT,Hydro,2856,,,,,
7/27/2018 23:40,EDT,Dual Fuel,4084,,,,,
7/27/2018 23:40,EDT,Natural Gas,3251,,,,,
7/27/2018 23:40,EDT,Nuclear,5241,,,,,
7/27/2018 23:40,EDT,Other Fossil Fuels,17,,,,,
7/27/2018 23:40,EDT,Other Renewables,278,,,,,
7/27/2018 23:40,EDT,Wind,292,,,,,
7/27/2018 23:40,EDT,Hydro,2839,,,,,
7/27/2018 23:45,EDT,Dual Fuel,4069,,,,,
7/27/2018 23:45,EDT,Natural Gas,3206,,,,,
7/27/2018 23:45,EDT,Nuclear,5241,,,,,
7/27/2018 23:45,EDT,Other Fossil Fuels,17,,,,,
7/27/2018 23:45,EDT,Other Renewables,269,,,,,
7/27/2018 23:45,EDT,Wind,294,,,,,
7/27/2018 23:45,EDT,Hydro,2759,,,,,
7/27/2018 23:50,EDT,Dual Fuel,4093,,,,,
7/27/2018 23:50,EDT,Natural Gas,3160,,,,,
7/27/2018 23:50,EDT,Nuclear,5244,,,,,
7/27/2018 23:50,EDT,Other Fossil Fuels,17,,,,,
7/27/2018 23:50,EDT,Other Renewables,267,,,,,
7/27/2018 23:50,EDT,Wind,285,,,,,
7/27/2018 23:50,EDT,Hydro,2672,,,,,
7/27/2018 23:55,EDT,Dual Fuel,4080,,,,,
7/27/2018 23:55,EDT,Natural Gas,3134,,,,,
7/27/2018 23:55,EDT,Nuclear,5243,,,,,
7/27/2018 23:55,EDT,Other Fossil Fuels,17,,,,,
7/27/2018 23:55,EDT,Other Renewables,267,,,,,
7/27/2018 23:55,EDT,Wind,273,,,,,
7/27/2018 23:55,EDT,Hydro,2612,,,,,
7/28/2018 0:00,EDT,Dual Fuel,4012,,,,,
7/28/2018 0:00,EDT,Natural Gas,3066,,,,,
7/28/2018 0:00,EDT,Nuclear,5245,,,,,
7/28/2018 0:00,EDT,Other Fossil Fuels,12,,,,,
7/28/2018 0:00,EDT,Other Renewables,268,,,,,
7/28/2018 0:00,EDT,Wind,259,,,,,
7/28/2018 0:00,EDT,Hydro,2478,,,,,
